FBX version: 7700
WARNING: User property type 'Short' is not supported
WARNING: User property type 'Short' is not supported
WARNING: User property type 'Short' is not supported
WARNING: User property type 'Short' is not supported
WARNING: User property type 'Short' is not supported
WARNING: User property type 'Short' is not supported
WARNING: User property type 'Short' is not supported
WARNING: User property type 'Short' is not supported
WARNING: User property type 'Short' is not supported
WARNING: User property type 'Short' is not supported
WARNING: User property type 'Short' is not supported
WARNING: User property type 'Short' is not supported
WARNING: User property type 'Short' is not supported
WARNING: User property type 'Short' is not supported
WARNING: User property type 'Short' is not supported
WARNING: User property type 'Short' is not supported
WARNING: User property type 'Short' is not supported
WARNING: User property type 'Short' is not supported
WARNING: User property type 'Short' is not supported
WARNING: User property type 'Short' is not supported
WARNING: User property type 'Short' is not supported
WARNING: User property type 'Short' is not supported
WARNING: User property type 'Short' is not supported
WARNING: User property type 'Short' is not supported
WARNING: User property type 'Short' is not supported
WARNING: User property type 'Short' is not supported
WARNING: User property type 'Short' is not supported
WARNING: User property type 'Short' is not supported
WARNING: User property type 'Short' is not supported
WARNING: User property type 'Short' is not supported
WARNING: User property type 'Short' is not supported
WARNING: User property type 'Short' is not supported
WARNING: User property type 'Short' is not supported
WARNING: User property type 'Short' is not supported
WARNING: User property type 'Short' is not supported
WARNING: User property type 'Short' is not supported
WARNING: User property type 'Short' is not supported
WARNING: User property type 'Short' is not supported
WARNING: User property type 'Short' is not supported
WARNING: User property type 'Short' is not supported
WARNING: User property type 'Short' is not supported
WARNING: User property type 'Short' is not supported
WARNING: User property type 'Short' is not supported
WARNING: User property type 'Short' is not supported
WARNING: User property type 'Short' is not supported
WARNING: User property type 'Short' is not supported
WARNING: User property type 'Short' is not supported
WARNING: User property type 'Short' is not supported
WARNING: User property type 'Short' is not supported
WARNING: User property type 'Short' is not supported
WARNING: User property type 'Short' is not supported
WARNING: User property type 'Short' is not supported
WARNING: User property type 'Short' is not supported
WARNING: User property type 'Short' is not supported
WARNING: User property type 'Short' is not supported
WARNING: User property type 'Short' is not supported
WARNING: User property type 'Short' is not supported
WARNING: User property type 'Short' is not supported
WARNING: User property type 'Short' is not supported
WARNING: User property type 'Short' is not supported
WARNING: User property type 'Short' is not supported
WARNING: User property type 'Short' is not supported
WARNING: User property type 'Short' is not supported
WARNING: User property type 'Short' is not supported
WARNING: User property type 'Short' is not supported
WARNING: User property type 'Short' is not supported
WARNING: User property type 'Short' is not supported
WARNING: User property type 'Short' is not supported
WARNING: User property type 'Short' is not supported
WARNING: User property type 'Short' is not supported
WARNING: User property type 'Short' is not supported
WARNING: User property type 'Short' is not supported
WARNING: User property type 'Short' is not supported
WARNING: User property type 'Short' is not supported
WARNING: User property type 'Short' is not supported
WARNING: User property type 'Short' is not supported
WARNING: User property type 'Short' is not supported
WARNING: User property type 'Short' is not supported
WARNING: User property type 'Short' is not supported
WARNING: User property type 'Short' is not supported
WARNING: User property type 'Short' is not supported
FBX version: 7700
INFO Draco mesh compression is available, use library at C:\Program Files\Blender Foundation\Blender 4.3\4.3\python\lib\site-packages\extern_draco.dll
12:53:22 | INFO: Starting glTF 2.0 export
12:53:22 | INFO: Extracting primitive: Mesh
12:53:22 | WARNING: The active Vertex Color will not be exported, as it is not used in the node tree of the material
12:53:22 | WARNING: More than one shader node tex image used for a texture. The resulting glTF sampler will behave like the first shader node tex image.
12:53:22 | INFO: Primitives created: 6
12:53:23 | WARNING: Some strips have same channel animation (translation), on node Bip01 Pelvis !
12:53:23 | WARNING: Some strips have same channel animation (rotation), on node Bip01 Pelvis !
12:53:23 | WARNING: Some strips have same channel animation (scale), on node Bip01 Pelvis !
12:53:23 | WARNING: Some strips have same channel animation (translation), on node Bip01 Spine !
12:53:23 | WARNING: Some strips have same channel animation (rotation), on node Bip01 Spine !
12:53:23 | WARNING: Some strips have same channel animation (scale), on node Bip01 Spine !
12:53:23 | WARNING: Some strips have same channel animation (translation), on node Bip01 Spine1 !
12:53:23 | WARNING: Some strips have same channel animation (rotation), on node Bip01 Spine1 !
12:53:23 | WARNING: Some strips have same channel animation (scale), on node Bip01 Spine1 !
12:53:23 | WARNING: Some strips have same channel animation (translation), on node Bip01 Spine2 !
12:53:23 | WARNING: Some strips have same channel animation (rotation), on node Bip01 Spine2 !
12:53:23 | WARNING: Some strips have same channel animation (scale), on node Bip01 Spine2 !
12:53:23 | WARNING: Some strips have same channel animation (translation), on node Bip01 Neck !
12:53:23 | WARNING: Some strips have same channel animation (rotation), on node Bip01 Neck !
12:53:23 | WARNING: Some strips have same channel animation (scale), on node Bip01 Neck !
12:53:23 | WARNING: Some strips have same channel animation (translation), on node Bip01 Head !
12:53:23 | WARNING: Some strips have same channel animation (rotation), on node Bip01 Head !
12:53:23 | WARNING: Some strips have same channel animation (scale), on node Bip01 Head !
12:53:23 | WARNING: Some strips have same channel animation (translation), on node Bip01 REye !
12:53:23 | WARNING: Some strips have same channel animation (rotation), on node Bip01 REye !
12:53:23 | WARNING: Some strips have same channel animation (scale), on node Bip01 REye !
12:53:23 | WARNING: Some strips have same channel animation (translation), on node Bip01 LEye !
12:53:23 | WARNING: Some strips have same channel animation (rotation), on node Bip01 LEye !
12:53:23 | WARNING: Some strips have same channel animation (scale), on node Bip01 LEye !
12:53:23 | WARNING: Some strips have same channel animation (translation), on node Bip01 MJaw !
12:53:23 | WARNING: Some strips have same channel animation (rotation), on node Bip01 MJaw !
12:53:23 | WARNING: Some strips have same channel animation (scale), on node Bip01 MJaw !
12:53:23 | WARNING: Some strips have same channel animation (translation), on node Bip01 MBottomLip !
12:53:23 | WARNING: Some strips have same channel animation (rotation), on node Bip01 MBottomLip !
12:53:23 | WARNING: Some strips have same channel animation (scale), on node Bip01 MBottomLip !
12:53:23 | WARNING: Some strips have same channel animation (translation), on node Bip01 MTongue !
12:53:23 | WARNING: Some strips have same channel animation (rotation), on node Bip01 MTongue !
12:53:23 | WARNING: Some strips have same channel animation (scale), on node Bip01 MTongue !
12:53:23 | WARNING: Some strips have same channel animation (translation), on node Bip01 LMouthBottom !
12:53:23 | WARNING: Some strips have same channel animation (rotation), on node Bip01 LMouthBottom !
12:53:23 | WARNING: Some strips have same channel animation (scale), on node Bip01 LMouthBottom !
12:53:23 | WARNING: Some strips have same channel animation (translation), on node Bip01 RMouthBottom !
12:53:23 | WARNING: Some strips have same channel animation (rotation), on node Bip01 RMouthBottom !
12:53:23 | WARNING: Some strips have same channel animation (scale), on node Bip01 RMouthBottom !
12:53:23 | WARNING: Some strips have same channel animation (translation), on node Bip01 RMasseter !
12:53:23 | WARNING: Some strips have same channel animation (rotation), on node Bip01 RMasseter !
12:53:23 | WARNING: Some strips have same channel animation (scale), on node Bip01 RMasseter !
12:53:23 | WARNING: Some strips have same channel animation (translation), on node Bip01 LMasseter !
12:53:23 | WARNING: Some strips have same channel animation (rotation), on node Bip01 LMasseter !
12:53:23 | WARNING: Some strips have same channel animation (scale), on node Bip01 LMasseter !
12:53:23 | WARNING: Some strips have same channel animation (translation), on node Bip01 MUpperLip !
12:53:23 | WARNING: Some strips have same channel animation (rotation), on node Bip01 MUpperLip !
12:53:23 | WARNING: Some strips have same channel animation (scale), on node Bip01 MUpperLip !
12:53:23 | WARNING: Some strips have same channel animation (translation), on node Bip01 RCaninus !
12:53:23 | WARNING: Some strips have same channel animation (rotation), on node Bip01 RCaninus !
12:53:23 | WARNING: Some strips have same channel animation (scale), on node Bip01 RCaninus !
12:53:23 | WARNING: Some strips have same channel animation (translation), on node Bip01 LCaninus !
12:53:23 | WARNING: Some strips have same channel animation (rotation), on node Bip01 LCaninus !
12:53:23 | WARNING: Some strips have same channel animation (scale), on node Bip01 LCaninus !
12:53:23 | WARNING: Some strips have same channel animation (translation), on node Bip01 REyeBlinkBottom !
12:53:23 | WARNING: Some strips have same channel animation (rotation), on node Bip01 REyeBlinkBottom !
12:53:23 | WARNING: Some strips have same channel animation (scale), on node Bip01 REyeBlinkBottom !
12:53:23 | WARNING: Some strips have same channel animation (translation), on node Bip01 LEyeBlinkBottom !
12:53:23 | WARNING: Some strips have same channel animation (rotation), on node Bip01 LEyeBlinkBottom !
12:53:23 | WARNING: Some strips have same channel animation (scale), on node Bip01 LEyeBlinkBottom !
12:53:23 | WARNING: Some strips have same channel animation (translation), on node Bip01 RUpperlip !
12:53:23 | WARNING: Some strips have same channel animation (rotation), on node Bip01 RUpperlip !
12:53:23 | WARNING: Some strips have same channel animation (scale), on node Bip01 RUpperlip !
12:53:23 | WARNING: Some strips have same channel animation (translation), on node Bip01 LUpperlip !
12:53:23 | WARNING: Some strips have same channel animation (rotation), on node Bip01 LUpperlip !
12:53:23 | WARNING: Some strips have same channel animation (scale), on node Bip01 LUpperlip !
12:53:23 | WARNING: Some strips have same channel animation (translation), on node Bip01 RMouthCorner !
12:53:23 | WARNING: Some strips have same channel animation (rotation), on node Bip01 RMouthCorner !
12:53:23 | WARNING: Some strips have same channel animation (scale), on node Bip01 RMouthCorner !
12:53:23 | WARNING: Some strips have same channel animation (translation), on node Bip01 LMouthCorner !
12:53:23 | WARNING: Some strips have same channel animation (rotation), on node Bip01 LMouthCorner !
12:53:23 | WARNING: Some strips have same channel animation (scale), on node Bip01 LMouthCorner !
12:53:23 | WARNING: Some strips have same channel animation (translation), on node Bip01 RCheek !
12:53:23 | WARNING: Some strips have same channel animation (rotation), on node Bip01 RCheek !
12:53:23 | WARNING: Some strips have same channel animation (scale), on node Bip01 RCheek !
12:53:23 | WARNING: Some strips have same channel animation (translation), on node Bip01 LCheek !
12:53:23 | WARNING: Some strips have same channel animation (rotation), on node Bip01 LCheek !
12:53:23 | WARNING: Some strips have same channel animation (scale), on node Bip01 LCheek !
12:53:23 | WARNING: Some strips have same channel animation (translation), on node Bip01 REyeBlinkTop !
12:53:23 | WARNING: Some strips have same channel animation (rotation), on node Bip01 REyeBlinkTop !
12:53:23 | WARNING: Some strips have same channel animation (scale), on node Bip01 REyeBlinkTop !
12:53:23 | WARNING: Some strips have same channel animation (translation), on node Bip01 LEyeBlinkTop !
12:53:23 | WARNING: Some strips have same channel animation (rotation), on node Bip01 LEyeBlinkTop !
12:53:23 | WARNING: Some strips have same channel animation (scale), on node Bip01 LEyeBlinkTop !
12:53:23 | WARNING: Some strips have same channel animation (translation), on node Bip01 RInnerEyebrow !
12:53:23 | WARNING: Some strips have same channel animation (rotation), on node Bip01 RInnerEyebrow !
12:53:23 | WARNING: Some strips have same channel animation (scale), on node Bip01 RInnerEyebrow !
12:53:23 | WARNING: Some strips have same channel animation (translation), on node Bip01 LInnerEyebrow !
12:53:23 | WARNING: Some strips have same channel animation (rotation), on node Bip01 LInnerEyebrow !
12:53:23 | WARNING: Some strips have same channel animation (scale), on node Bip01 LInnerEyebrow !
12:53:23 | WARNING: Some strips have same channel animation (translation), on node Bip01 MMiddleEyebrow !
12:53:23 | WARNING: Some strips have same channel animation (rotation), on node Bip01 MMiddleEyebrow !
12:53:23 | WARNING: Some strips have same channel animation (scale), on node Bip01 MMiddleEyebrow !
12:53:23 | WARNING: Some strips have same channel animation (translation), on node Bip01 ROuterEyebrow !
12:53:23 | WARNING: Some strips have same channel animation (rotation), on node Bip01 ROuterEyebrow !
12:53:23 | WARNING: Some strips have same channel animation (scale), on node Bip01 ROuterEyebrow !
12:53:23 | WARNING: Some strips have same channel animation (translation), on node Bip01 LOuterEyebrow !
12:53:23 | WARNING: Some strips have same channel animation (rotation), on node Bip01 LOuterEyebrow !
12:53:23 | WARNING: Some strips have same channel animation (scale), on node Bip01 LOuterEyebrow !
12:53:23 | WARNING: Some strips have same channel animation (translation), on node Bip01 MNose !
12:53:23 | WARNING: Some strips have same channel animation (rotation), on node Bip01 MNose !
12:53:23 | WARNING: Some strips have same channel animation (scale), on node Bip01 MNose !
12:53:23 | WARNING: Some strips have same channel animation (translation), on node Bip01 L Clavicle !
12:53:23 | WARNING: Some strips have same channel animation (rotation), on node Bip01 L Clavicle !
12:53:23 | WARNING: Some strips have same channel animation (scale), on node Bip01 L Clavicle !
12:53:23 | WARNING: Some strips have same channel animation (translation), on node Bip01 L UpperArm !
12:53:23 | WARNING: Some strips have same channel animation (rotation), on node Bip01 L UpperArm !
12:53:23 | WARNING: Some strips have same channel animation (scale), on node Bip01 L UpperArm !
12:53:23 | WARNING: Some strips have same channel animation (translation), on node Bip01 L Forearm !
12:53:23 | WARNING: Some strips have same channel animation (rotation), on node Bip01 L Forearm !
12:53:23 | WARNING: Some strips have same channel animation (scale), on node Bip01 L Forearm !
12:53:23 | WARNING: Some strips have same channel animation (translation), on node Bip01 L Hand !
12:53:23 | WARNING: Some strips have same channel animation (rotation), on node Bip01 L Hand !
12:53:23 | WARNING: Some strips have same channel animation (scale), on node Bip01 L Hand !
12:53:23 | WARNING: Some strips have same channel animation (translation), on node Bip01 L Finger0 !
12:53:23 | WARNING: Some strips have same channel animation (rotation), on node Bip01 L Finger0 !
12:53:23 | WARNING: Some strips have same channel animation (scale), on node Bip01 L Finger0 !
12:53:23 | WARNING: Some strips have same channel animation (translation), on node Bip01 L Finger01 !
12:53:23 | WARNING: Some strips have same channel animation (rotation), on node Bip01 L Finger01 !
12:53:23 | WARNING: Some strips have same channel animation (scale), on node Bip01 L Finger01 !
12:53:23 | WARNING: Some strips have same channel animation (translation), on node Bip01 L Finger02 !
12:53:23 | WARNING: Some strips have same channel animation (rotation), on node Bip01 L Finger02 !
12:53:23 | WARNING: Some strips have same channel animation (scale), on node Bip01 L Finger02 !
12:53:23 | WARNING: Some strips have same channel animation (translation), on node Bip01 L Finger1 !
12:53:23 | WARNING: Some strips have same channel animation (rotation), on node Bip01 L Finger1 !
12:53:23 | WARNING: Some strips have same channel animation (scale), on node Bip01 L Finger1 !
12:53:23 | WARNING: Some strips have same channel animation (translation), on node Bip01 L Finger11 !
12:53:23 | WARNING: Some strips have same channel animation (rotation), on node Bip01 L Finger11 !
12:53:23 | WARNING: Some strips have same channel animation (scale), on node Bip01 L Finger11 !
12:53:23 | WARNING: Some strips have same channel animation (translation), on node Bip01 L Finger12 !
12:53:23 | WARNING: Some strips have same channel animation (rotation), on node Bip01 L Finger12 !
12:53:23 | WARNING: Some strips have same channel animation (scale), on node Bip01 L Finger12 !
12:53:23 | WARNING: Some strips have same channel animation (translation), on node Bip01 L Finger2 !
12:53:23 | WARNING: Some strips have same channel animation (rotation), on node Bip01 L Finger2 !
12:53:23 | WARNING: Some strips have same channel animation (scale), on node Bip01 L Finger2 !
12:53:23 | WARNING: Some strips have same channel animation (translation), on node Bip01 L Finger21 !
12:53:23 | WARNING: Some strips have same channel animation (rotation), on node Bip01 L Finger21 !
12:53:23 | WARNING: Some strips have same channel animation (scale), on node Bip01 L Finger21 !
12:53:23 | WARNING: Some strips have same channel animation (translation), on node Bip01 L Finger22 !
12:53:23 | WARNING: Some strips have same channel animation (rotation), on node Bip01 L Finger22 !
12:53:23 | WARNING: Some strips have same channel animation (scale), on node Bip01 L Finger22 !
12:53:23 | WARNING: Some strips have same channel animation (translation), on node Bip01 L Finger3 !
12:53:23 | WARNING: Some strips have same channel animation (rotation), on node Bip01 L Finger3 !
12:53:23 | WARNING: Some strips have same channel animation (scale), on node Bip01 L Finger3 !
12:53:23 | WARNING: Some strips have same channel animation (translation), on node Bip01 L Finger31 !
12:53:23 | WARNING: Some strips have same channel animation (rotation), on node Bip01 L Finger31 !
12:53:23 | WARNING: Some strips have same channel animation (scale), on node Bip01 L Finger31 !
12:53:23 | WARNING: Some strips have same channel animation (translation), on node Bip01 L Finger32 !
12:53:23 | WARNING: Some strips have same channel animation (rotation), on node Bip01 L Finger32 !
12:53:23 | WARNING: Some strips have same channel animation (scale), on node Bip01 L Finger32 !
12:53:23 | WARNING: Some strips have same channel animation (translation), on node Bip01 L Finger4 !
12:53:23 | WARNING: Some strips have same channel animation (rotation), on node Bip01 L Finger4 !
12:53:23 | WARNING: Some strips have same channel animation (scale), on node Bip01 L Finger4 !
12:53:23 | WARNING: Some strips have same channel animation (translation), on node Bip01 L Finger41 !
12:53:23 | WARNING: Some strips have same channel animation (rotation), on node Bip01 L Finger41 !
12:53:23 | WARNING: Some strips have same channel animation (scale), on node Bip01 L Finger41 !
12:53:23 | WARNING: Some strips have same channel animation (translation), on node Bip01 L Finger42 !
12:53:23 | WARNING: Some strips have same channel animation (rotation), on node Bip01 L Finger42 !
12:53:23 | WARNING: Some strips have same channel animation (scale), on node Bip01 L Finger42 !
12:53:23 | WARNING: Some strips have same channel animation (translation), on node Bip01 R Clavicle !
12:53:23 | WARNING: Some strips have same channel animation (rotation), on node Bip01 R Clavicle !
12:53:23 | WARNING: Some strips have same channel animation (scale), on node Bip01 R Clavicle !
12:53:23 | WARNING: Some strips have same channel animation (translation), on node Bip01 R UpperArm !
12:53:23 | WARNING: Some strips have same channel animation (rotation), on node Bip01 R UpperArm !
12:53:23 | WARNING: Some strips have same channel animation (scale), on node Bip01 R UpperArm !
12:53:23 | WARNING: Some strips have same channel animation (translation), on node Bip01 R Forearm !
12:53:23 | WARNING: Some strips have same channel animation (rotation), on node Bip01 R Forearm !
12:53:23 | WARNING: Some strips have same channel animation (scale), on node Bip01 R Forearm !
12:53:23 | WARNING: Some strips have same channel animation (translation), on node Bip01 R Hand !
12:53:23 | WARNING: Some strips have same channel animation (rotation), on node Bip01 R Hand !
12:53:23 | WARNING: Some strips have same channel animation (scale), on node Bip01 R Hand !
12:53:23 | WARNING: Some strips have same channel animation (translation), on node Bip01 R Finger0 !
12:53:23 | WARNING: Some strips have same channel animation (rotation), on node Bip01 R Finger0 !
12:53:23 | WARNING: Some strips have same channel animation (scale), on node Bip01 R Finger0 !
12:53:23 | WARNING: Some strips have same channel animation (translation), on node Bip01 R Finger01 !
12:53:23 | WARNING: Some strips have same channel animation (rotation), on node Bip01 R Finger01 !
12:53:23 | WARNING: Some strips have same channel animation (scale), on node Bip01 R Finger01 !
12:53:23 | WARNING: Some strips have same channel animation (translation), on node Bip01 R Finger02 !
12:53:23 | WARNING: Some strips have same channel animation (rotation), on node Bip01 R Finger02 !
12:53:23 | WARNING: Some strips have same channel animation (scale), on node Bip01 R Finger02 !
12:53:23 | WARNING: Some strips have same channel animation (translation), on node Bip01 R Finger1 !
12:53:23 | WARNING: Some strips have same channel animation (rotation), on node Bip01 R Finger1 !
12:53:23 | WARNING: Some strips have same channel animation (scale), on node Bip01 R Finger1 !
12:53:23 | WARNING: Some strips have same channel animation (translation), on node Bip01 R Finger11 !
12:53:23 | WARNING: Some strips have same channel animation (rotation), on node Bip01 R Finger11 !
12:53:23 | WARNING: Some strips have same channel animation (scale), on node Bip01 R Finger11 !
12:53:23 | WARNING: Some strips have same channel animation (translation), on node Bip01 R Finger12 !
12:53:23 | WARNING: Some strips have same channel animation (rotation), on node Bip01 R Finger12 !
12:53:23 | WARNING: Some strips have same channel animation (scale), on node Bip01 R Finger12 !
12:53:23 | WARNING: Some strips have same channel animation (translation), on node Bip01 R Finger2 !
12:53:23 | WARNING: Some strips have same channel animation (rotation), on node Bip01 R Finger2 !
12:53:23 | WARNING: Some strips have same channel animation (scale), on node Bip01 R Finger2 !
12:53:23 | WARNING: Some strips have same channel animation (translation), on node Bip01 R Finger21 !
12:53:23 | WARNING: Some strips have same channel animation (rotation), on node Bip01 R Finger21 !
12:53:23 | WARNING: Some strips have same channel animation (scale), on node Bip01 R Finger21 !
12:53:23 | WARNING: Some strips have same channel animation (translation), on node Bip01 R Finger22 !
12:53:23 | WARNING: Some strips have same channel animation (rotation), on node Bip01 R Finger22 !
12:53:23 | WARNING: Some strips have same channel animation (scale), on node Bip01 R Finger22 !
12:53:23 | WARNING: Some strips have same channel animation (translation), on node Bip01 R Finger3 !
12:53:23 | WARNING: Some strips have same channel animation (rotation), on node Bip01 R Finger3 !
12:53:23 | WARNING: Some strips have same channel animation (scale), on node Bip01 R Finger3 !
12:53:23 | WARNING: Some strips have same channel animation (translation), on node Bip01 R Finger31 !
12:53:23 | WARNING: Some strips have same channel animation (rotation), on node Bip01 R Finger31 !
12:53:23 | WARNING: Some strips have same channel animation (scale), on node Bip01 R Finger31 !
12:53:23 | WARNING: Some strips have same channel animation (translation), on node Bip01 R Finger32 !
12:53:23 | WARNING: Some strips have same channel animation (rotation), on node Bip01 R Finger32 !
12:53:23 | WARNING: Some strips have same channel animation (scale), on node Bip01 R Finger32 !
12:53:23 | WARNING: Some strips have same channel animation (translation), on node Bip01 R Finger4 !
12:53:23 | WARNING: Some strips have same channel animation (rotation), on node Bip01 R Finger4 !
12:53:23 | WARNING: Some strips have same channel animation (scale), on node Bip01 R Finger4 !
12:53:23 | WARNING: Some strips have same channel animation (translation), on node Bip01 R Finger41 !
12:53:23 | WARNING: Some strips have same channel animation (rotation), on node Bip01 R Finger41 !
12:53:23 | WARNING: Some strips have same channel animation (scale), on node Bip01 R Finger41 !
12:53:23 | WARNING: Some strips have same channel animation (translation), on node Bip01 R Finger42 !
12:53:23 | WARNING: Some strips have same channel animation (rotation), on node Bip01 R Finger42 !
12:53:23 | WARNING: Some strips have same channel animation (scale), on node Bip01 R Finger42 !
12:53:23 | WARNING: Some strips have same channel animation (translation), on node Bip01 L Thigh !
12:53:23 | WARNING: Some strips have same channel animation (rotation), on node Bip01 L Thigh !
12:53:23 | WARNING: Some strips have same channel animation (scale), on node Bip01 L Thigh !
12:53:23 | WARNING: Some strips have same channel animation (translation), on node Bip01 L Calf !
12:53:23 | WARNING: Some strips have same channel animation (rotation), on node Bip01 L Calf !
12:53:23 | WARNING: Some strips have same channel animation (scale), on node Bip01 L Calf !
12:53:23 | WARNING: Some strips have same channel animation (translation), on node Bip01 L Foot !
12:53:23 | WARNING: Some strips have same channel animation (rotation), on node Bip01 L Foot !
12:53:23 | WARNING: Some strips have same channel animation (scale), on node Bip01 L Foot !
12:53:23 | WARNING: Some strips have same channel animation (translation), on node Bip01 L Toe0 !
12:53:23 | WARNING: Some strips have same channel animation (rotation), on node Bip01 L Toe0 !
12:53:23 | WARNING: Some strips have same channel animation (scale), on node Bip01 L Toe0 !
12:53:23 | WARNING: Some strips have same channel animation (translation), on node Bip01 R Thigh !
12:53:23 | WARNING: Some strips have same channel animation (rotation), on node Bip01 R Thigh !
12:53:23 | WARNING: Some strips have same channel animation (scale), on node Bip01 R Thigh !
12:53:23 | WARNING: Some strips have same channel animation (translation), on node Bip01 R Calf !
12:53:23 | WARNING: Some strips have same channel animation (rotation), on node Bip01 R Calf !
12:53:23 | WARNING: Some strips have same channel animation (scale), on node Bip01 R Calf !
12:53:23 | WARNING: Some strips have same channel animation (translation), on node Bip01 R Foot !
12:53:23 | WARNING: Some strips have same channel animation (rotation), on node Bip01 R Foot !
12:53:23 | WARNING: Some strips have same channel animation (scale), on node Bip01 R Foot !
12:53:23 | WARNING: Some strips have same channel animation (translation), on node Bip01 R Toe0 !
12:53:23 | WARNING: Some strips have same channel animation (rotation), on node Bip01 R Toe0 !
12:53:23 | WARNING: Some strips have same channel animation (scale), on node Bip01 R Toe0 !
12:53:23 | INFO: Finished glTF 2.0 export in 1.0707521438598633 s
Blender 4.3.2 (hash 32f5fdce0a0a built 2024-12-17 03:35:23)
Warning: Path 'D:\temp\Humans\with_opacity_version\f012\textures\f012_body_specular.tga' cannot be made relative for Image 'Bitmaptexture'
Warning: Path 'D:\temp\Humans\with_opacity_version\f012\textures\f012_head_specular.tga' cannot be made relative for Image 'Bitmaptexture.001'
Warning: Path 'D:\temp\Humans\with_opacity_version\f012\textures\f012_body_color.tga' cannot be made relative for Image 'Map #84'
Warning: Path 'D:\temp\Humans\with_opacity_version\f012\textures\f012_body_normal.tga' cannot be made relative for Image 'Map #86'
Warning: Path 'D:\temp\Humans\with_opacity_version\f012\textures\f012_head_color.tga' cannot be made relative for Image 'Map #88'
Warning: Path 'D:\temp\Humans\with_opacity_version\f012\textures\f012_head_normal.tga' cannot be made relative for Image 'Map #90'
Warning: Path 'D:\temp\Humans\with_opacity_version\f012\textures\f012_opacity_color.tga' cannot be made relative for Image 'Map #94'
Warning: Path 'D:\temp\Humans\with_opacity_version\f012\textures\f012_opacity_color.tga' cannot be made relative for Image 'Map #94.001'
Fra:20 Mem:28.68M (Peak 83.72M) | Time:00:00.00 | Mem:0.00M, Peak:0.00M | Scene, ViewLayer | Synchronizing object | Human_nova
Fra:20 Mem:31.85M (Peak 83.72M) | Time:00:00.01 | Mem:0.00M, Peak:0.00M | Scene, ViewLayer | Initializing
Fra:20 Mem:27.68M (Peak 83.72M) | Time:00:00.01 | Mem:0.00M, Peak:0.00M | Scene, ViewLayer | Waiting for render to start
Fra:20 Mem:27.68M (Peak 83.72M) | Time:00:00.02 | Mem:0.00M, Peak:0.00M | Scene, ViewLayer | Loading render kernels (may take a few minutes the first time)
Fra:20 Mem:27.68M (Peak 83.72M) | Time:00:00.02 | Mem:0.00M, Peak:0.00M | Scene, ViewLayer | Updating Scene
Fra:20 Mem:27.68M (Peak 83.72M) | Time:00:00.02 | Mem:0.00M, Peak:0.00M | Scene, ViewLayer | Updating Shaders
Fra:20 Mem:27.76M (Peak 83.72M) | Time:00:00.02 | Mem:0.01M, Peak:0.01M | Scene, ViewLayer | Updating Procedurals
Fra:20 Mem:27.76M (Peak 83.72M) | Time:00:00.02 | Mem:0.01M, Peak:0.01M | Scene, ViewLayer | Updating Background
Fra:20 Mem:27.76M (Peak 83.72M) | Time:00:00.02 | Mem:0.01M, Peak:0.01M | Scene, ViewLayer | Updating Camera
Fra:20 Mem:27.76M (Peak 83.72M) | Time:00:00.02 | Mem:0.01M, Peak:0.01M | Scene, ViewLayer | Updating Meshes Flags
Fra:20 Mem:27.76M (Peak 83.72M) | Time:00:00.02 | Mem:0.01M, Peak:0.01M | Scene, ViewLayer | Updating Objects
Fra:20 Mem:27.76M (Peak 83.72M) | Time:00:00.02 | Mem:0.01M, Peak:0.01M | Scene, ViewLayer | Updating Objects | Copying Transformations to device
Fra:20 Mem:27.76M (Peak 83.72M) | Time:00:00.02 | Mem:0.01M, Peak:0.01M | Scene, ViewLayer | Updating Objects | Applying Static Transformations
Fra:20 Mem:27.76M (Peak 83.72M) | Time:00:00.02 | Mem:0.01M, Peak:0.01M | Scene, ViewLayer | Updating Particle Systems
Fra:20 Mem:27.76M (Peak 83.72M) | Time:00:00.02 | Mem:0.01M, Peak:0.01M | Scene, ViewLayer | Updating Particle Systems | Copying Particles to device
Fra:20 Mem:27.76M (Peak 83.72M) | Time:00:00.02 | Mem:0.01M, Peak:0.01M | Scene, ViewLayer | Updating Meshes
Fra:20 Mem:27.90M (Peak 83.72M) | Time:00:00.02 | Mem:0.01M, Peak:0.01M | Scene, ViewLayer | Updating Mesh | Computing attributes
Fra:20 Mem:28.56M (Peak 83.72M) | Time:00:00.02 | Mem:0.01M, Peak:0.01M | Scene, ViewLayer | Updating Mesh | Copying Attributes to device
Fra:20 Mem:28.56M (Peak 83.72M) | Time:00:00.02 | Mem:0.67M, Peak:0.67M | Scene, ViewLayer | Updating Scene BVH | Building
Fra:20 Mem:28.56M (Peak 83.72M) | Time:00:00.02 | Mem:0.67M, Peak:0.67M | Scene, ViewLayer | Updating Scene BVH | Building BVH
Fra:20 Mem:28.56M (Peak 83.72M) | Time:00:00.02 | Mem:0.93M, Peak:0.93M | Scene, ViewLayer | Updating Scene BVH | Building BVH 0%
Fra:20 Mem:28.56M (Peak 83.72M) | Time:00:00.02 | Mem:1.25M, Peak:1.52M | Scene, ViewLayer | Updating Scene BVH | Copying BVH to device
Fra:20 Mem:28.56M (Peak 83.72M) | Time:00:00.02 | Mem:1.25M, Peak:1.52M | Scene, ViewLayer | Updating Mesh | Computing normals
Fra:20 Mem:28.88M (Peak 83.72M) | Time:00:00.02 | Mem:1.25M, Peak:1.52M | Scene, ViewLayer | Updating Mesh | Copying Mesh to device
Fra:20 Mem:28.88M (Peak 83.72M) | Time:00:00.02 | Mem:1.57M, Peak:1.57M | Scene, ViewLayer | Updating Objects Flags
Fra:20 Mem:28.88M (Peak 83.72M) | Time:00:00.02 | Mem:1.57M, Peak:1.57M | Scene, ViewLayer | Updating Primitive Offsets
Fra:20 Mem:28.88M (Peak 83.72M) | Time:00:00.02 | Mem:1.57M, Peak:1.57M | Scene, ViewLayer | Updating Images
Fra:20 Mem:28.88M (Peak 83.72M) | Time:00:00.02 | Mem:1.57M, Peak:1.57M | Scene, ViewLayer | Updating Images | Loading f012_body_normal.png
Fra:20 Mem:28.88M (Peak 83.72M) | Time:00:00.02 | Mem:1.57M, Peak:1.57M | Scene, ViewLayer | Updating Images | Loading f012_body_color.png
Fra:20 Mem:44.88M (Peak 83.72M) | Time:00:00.02 | Mem:1.57M, Peak:1.57M | Scene, ViewLayer | Updating Images | Loading f012_head_normal.png
Fra:20 Mem:84.89M (Peak 84.89M) | Time:00:00.13 | Mem:57.57M, Peak:57.57M | Scene, ViewLayer | Updating Camera Volume
Fra:20 Mem:84.89M (Peak 84.89M) | Time:00:00.13 | Mem:57.57M, Peak:57.57M | Scene, ViewLayer | Updating Lookup Tables
Fra:20 Mem:84.89M (Peak 84.89M) | Time:00:00.13 | Mem:57.66M, Peak:57.66M | Scene, ViewLayer | Updating Lights
Fra:20 Mem:84.89M (Peak 84.89M) | Time:00:00.13 | Mem:57.66M, Peak:57.66M | Scene, ViewLayer | Updating Lights | Computing tree
Fra:20 Mem:84.89M (Peak 84.89M) | Time:00:00.13 | Mem:57.66M, Peak:57.66M | Scene, ViewLayer | Updating Integrator
Fra:20 Mem:84.89M (Peak 84.89M) | Time:00:00.13 | Mem:57.66M, Peak:57.66M | Scene, ViewLayer | Updating Film
Fra:20 Mem:84.89M (Peak 84.89M) | Time:00:00.13 | Mem:57.58M, Peak:57.66M | Scene, ViewLayer | Updating Lookup Tables
Fra:20 Mem:84.89M (Peak 84.89M) | Time:00:00.13 | Mem:57.66M, Peak:57.66M | Scene, ViewLayer | Updating Baking
Fra:20 Mem:84.89M (Peak 84.89M) | Time:00:00.13 | Mem:57.66M, Peak:57.66M | Scene, ViewLayer | Updating Device | Writing constant memory
Fra:20 Mem:84.90M (Peak 84.90M) | Time:00:00.13 | Mem:57.66M, Peak:57.66M | Scene, ViewLayer | Loading denoising kernels (may take a few minutes the first time)
Fra:20 Mem:84.90M (Peak 84.90M) | Time:00:00.13 | Mem:57.66M, Peak:57.66M | Scene, ViewLayer | Sample 0/24
Fra:20 Mem:118.04M (Peak 118.04M) | Time:00:00.21 | Remaining:00:01.94 | Mem:90.72M, Peak:90.72M | Scene, ViewLayer | Sample 1/24
Fra:20 Mem:131.96M (Peak 152.83M) | Time:00:04.09 | Mem:90.72M, Peak:90.72M | Scene, ViewLayer | Sample 24/24
Fra:20 Mem:131.96M (Peak 152.83M) | Time:00:04.09 | Mem:90.72M, Peak:90.72M | Scene, ViewLayer | Finished
Saved: 'C:\Users\VJs DMTeam\Documents\01_JEUX_ET_SIMULATIONS\jeu vj simulation\assets\characters\nova\portrait.png'
Time: 00:04.27 (Saving: 00:00.17)


Info: Saved "nova.blend"
CHARACTER_READY nova
FBX version: 7700
WARNING: User property type 'Short' is not supported
WARNING: User property type 'Short' is not supported
WARNING: User property type 'Short' is not supported
WARNING: User property type 'Short' is not supported
WARNING: User property type 'Short' is not supported
WARNING: User property type 'Short' is not supported
WARNING: User property type 'Short' is not supported
WARNING: User property type 'Short' is not supported
WARNING: User property type 'Short' is not supported
WARNING: User property type 'Short' is not supported
WARNING: User property type 'Short' is not supported
WARNING: User property type 'Short' is not supported
WARNING: User property type 'Short' is not supported
WARNING: User property type 'Short' is not supported
WARNING: User property type 'Short' is not supported
WARNING: User property type 'Short' is not supported
WARNING: User property type 'Short' is not supported
WARNING: User property type 'Short' is not supported
WARNING: User property type 'Short' is not supported
WARNING: User property type 'Short' is not supported
WARNING: User property type 'Short' is not supported
WARNING: User property type 'Short' is not supported
WARNING: User property type 'Short' is not supported
WARNING: User property type 'Short' is not supported
WARNING: User property type 'Short' is not supported
WARNING: User property type 'Short' is not supported
WARNING: User property type 'Short' is not supported
WARNING: User property type 'Short' is not supported
WARNING: User property type 'Short' is not supported
WARNING: User property type 'Short' is not supported
WARNING: User property type 'Short' is not supported
WARNING: User property type 'Short' is not supported
WARNING: User property type 'Short' is not supported
WARNING: User property type 'Short' is not supported
WARNING: User property type 'Short' is not supported
WARNING: User property type 'Short' is not supported
WARNING: User property type 'Short' is not supported
WARNING: User property type 'Short' is not supported
WARNING: User property type 'Short' is not supported
WARNING: User property type 'Short' is not supported
WARNING: User property type 'Short' is not supported
WARNING: User property type 'Short' is not supported
WARNING: User property type 'Short' is not supported
WARNING: User property type 'Short' is not supported
WARNING: User property type 'Short' is not supported
WARNING: User property type 'Short' is not supported
WARNING: User property type 'Short' is not supported
WARNING: User property type 'Short' is not supported
WARNING: User property type 'Short' is not supported
WARNING: User property type 'Short' is not supported
WARNING: User property type 'Short' is not supported
WARNING: User property type 'Short' is not supported
WARNING: User property type 'Short' is not supported
WARNING: User property type 'Short' is not supported
WARNING: User property type 'Short' is not supported
WARNING: User property type 'Short' is not supported
WARNING: User property type 'Short' is not supported
WARNING: User property type 'Short' is not supported
WARNING: User property type 'Short' is not supported
WARNING: User property type 'Short' is not supported
WARNING: User property type 'Short' is not supported
WARNING: User property type 'Short' is not supported
WARNING: User property type 'Short' is not supported
WARNING: User property type 'Short' is not supported
WARNING: User property type 'Short' is not supported
WARNING: User property type 'Short' is not supported
WARNING: User property type 'Short' is not supported
WARNING: User property type 'Short' is not supported
WARNING: User property type 'Short' is not supported
WARNING: User property type 'Short' is not supported
WARNING: User property type 'Short' is not supported
WARNING: User property type 'Short' is not supported
WARNING: User property type 'Short' is not supported
WARNING: User property type 'Short' is not supported
WARNING: User property type 'Short' is not supported
WARNING: User property type 'Short' is not supported
WARNING: User property type 'Short' is not supported
WARNING: User property type 'Short' is not supported
WARNING: User property type 'Short' is not supported
WARNING: User property type 'Short' is not supported
WARNING: User property type 'Short' is not supported
FBX version: 7700
12:53:31 | INFO: Starting glTF 2.0 export
12:53:31 | INFO: Extracting primitive: Mesh
12:53:31 | INFO: Primitives created: 5
12:53:32 | WARNING: Some strips have same channel animation (translation), on node Bip01 Pelvis !
12:53:32 | WARNING: Some strips have same channel animation (rotation), on node Bip01 Pelvis !
12:53:32 | WARNING: Some strips have same channel animation (scale), on node Bip01 Pelvis !
12:53:32 | WARNING: Some strips have same channel animation (translation), on node Bip01 Spine !
12:53:32 | WARNING: Some strips have same channel animation (rotation), on node Bip01 Spine !
12:53:32 | WARNING: Some strips have same channel animation (scale), on node Bip01 Spine !
12:53:32 | WARNING: Some strips have same channel animation (translation), on node Bip01 Spine1 !
12:53:32 | WARNING: Some strips have same channel animation (rotation), on node Bip01 Spine1 !
12:53:32 | WARNING: Some strips have same channel animation (scale), on node Bip01 Spine1 !
12:53:32 | WARNING: Some strips have same channel animation (translation), on node Bip01 Spine2 !
12:53:32 | WARNING: Some strips have same channel animation (rotation), on node Bip01 Spine2 !
12:53:32 | WARNING: Some strips have same channel animation (scale), on node Bip01 Spine2 !
12:53:32 | WARNING: Some strips have same channel animation (translation), on node Bip01 Neck !
12:53:32 | WARNING: Some strips have same channel animation (rotation), on node Bip01 Neck !
12:53:32 | WARNING: Some strips have same channel animation (scale), on node Bip01 Neck !
12:53:32 | WARNING: Some strips have same channel animation (translation), on node Bip01 Head !
12:53:32 | WARNING: Some strips have same channel animation (rotation), on node Bip01 Head !
12:53:32 | WARNING: Some strips have same channel animation (scale), on node Bip01 Head !
12:53:32 | WARNING: Some strips have same channel animation (translation), on node Bip01 REye !
12:53:32 | WARNING: Some strips have same channel animation (rotation), on node Bip01 REye !
12:53:32 | WARNING: Some strips have same channel animation (scale), on node Bip01 REye !
12:53:32 | WARNING: Some strips have same channel animation (translation), on node Bip01 LEye !
12:53:32 | WARNING: Some strips have same channel animation (rotation), on node Bip01 LEye !
12:53:32 | WARNING: Some strips have same channel animation (scale), on node Bip01 LEye !
12:53:32 | WARNING: Some strips have same channel animation (translation), on node Bip01 MJaw !
12:53:32 | WARNING: Some strips have same channel animation (rotation), on node Bip01 MJaw !
12:53:32 | WARNING: Some strips have same channel animation (scale), on node Bip01 MJaw !
12:53:32 | WARNING: Some strips have same channel animation (translation), on node Bip01 MBottomLip !
12:53:32 | WARNING: Some strips have same channel animation (rotation), on node Bip01 MBottomLip !
12:53:32 | WARNING: Some strips have same channel animation (scale), on node Bip01 MBottomLip !
12:53:32 | WARNING: Some strips have same channel animation (translation), on node Bip01 MTongue !
12:53:32 | WARNING: Some strips have same channel animation (rotation), on node Bip01 MTongue !
12:53:32 | WARNING: Some strips have same channel animation (scale), on node Bip01 MTongue !
12:53:32 | WARNING: Some strips have same channel animation (translation), on node Bip01 LMouthBottom !
12:53:32 | WARNING: Some strips have same channel animation (rotation), on node Bip01 LMouthBottom !
12:53:32 | WARNING: Some strips have same channel animation (scale), on node Bip01 LMouthBottom !
12:53:32 | WARNING: Some strips have same channel animation (translation), on node Bip01 RMouthBottom !
12:53:32 | WARNING: Some strips have same channel animation (rotation), on node Bip01 RMouthBottom !
12:53:32 | WARNING: Some strips have same channel animation (scale), on node Bip01 RMouthBottom !
12:53:32 | WARNING: Some strips have same channel animation (translation), on node Bip01 RMasseter !
12:53:32 | WARNING: Some strips have same channel animation (rotation), on node Bip01 RMasseter !
12:53:32 | WARNING: Some strips have same channel animation (scale), on node Bip01 RMasseter !
12:53:32 | WARNING: Some strips have same channel animation (translation), on node Bip01 LMasseter !
12:53:32 | WARNING: Some strips have same channel animation (rotation), on node Bip01 LMasseter !
12:53:32 | WARNING: Some strips have same channel animation (scale), on node Bip01 LMasseter !
12:53:32 | WARNING: Some strips have same channel animation (translation), on node Bip01 MUpperLip !
12:53:32 | WARNING: Some strips have same channel animation (rotation), on node Bip01 MUpperLip !
12:53:32 | WARNING: Some strips have same channel animation (scale), on node Bip01 MUpperLip !
12:53:32 | WARNING: Some strips have same channel animation (translation), on node Bip01 RCaninus !
12:53:32 | WARNING: Some strips have same channel animation (rotation), on node Bip01 RCaninus !
12:53:32 | WARNING: Some strips have same channel animation (scale), on node Bip01 RCaninus !
12:53:32 | WARNING: Some strips have same channel animation (translation), on node Bip01 LCaninus !
12:53:32 | WARNING: Some strips have same channel animation (rotation), on node Bip01 LCaninus !
12:53:32 | WARNING: Some strips have same channel animation (scale), on node Bip01 LCaninus !
12:53:32 | WARNING: Some strips have same channel animation (translation), on node Bip01 REyeBlinkBottom !
12:53:32 | WARNING: Some strips have same channel animation (rotation), on node Bip01 REyeBlinkBottom !
12:53:32 | WARNING: Some strips have same channel animation (scale), on node Bip01 REyeBlinkBottom !
12:53:32 | WARNING: Some strips have same channel animation (translation), on node Bip01 LEyeBlinkBottom !
12:53:32 | WARNING: Some strips have same channel animation (rotation), on node Bip01 LEyeBlinkBottom !
12:53:32 | WARNING: Some strips have same channel animation (scale), on node Bip01 LEyeBlinkBottom !
12:53:32 | WARNING: Some strips have same channel animation (translation), on node Bip01 RUpperlip !
12:53:32 | WARNING: Some strips have same channel animation (rotation), on node Bip01 RUpperlip !
12:53:32 | WARNING: Some strips have same channel animation (scale), on node Bip01 RUpperlip !
12:53:32 | WARNING: Some strips have same channel animation (translation), on node Bip01 LUpperlip !
12:53:32 | WARNING: Some strips have same channel animation (rotation), on node Bip01 LUpperlip !
12:53:32 | WARNING: Some strips have same channel animation (scale), on node Bip01 LUpperlip !
12:53:32 | WARNING: Some strips have same channel animation (translation), on node Bip01 RMouthCorner !
12:53:32 | WARNING: Some strips have same channel animation (rotation), on node Bip01 RMouthCorner !
12:53:32 | WARNING: Some strips have same channel animation (scale), on node Bip01 RMouthCorner !
12:53:32 | WARNING: Some strips have same channel animation (translation), on node Bip01 LMouthCorner !
12:53:32 | WARNING: Some strips have same channel animation (rotation), on node Bip01 LMouthCorner !
12:53:32 | WARNING: Some strips have same channel animation (scale), on node Bip01 LMouthCorner !
12:53:32 | WARNING: Some strips have same channel animation (translation), on node Bip01 RCheek !
12:53:32 | WARNING: Some strips have same channel animation (rotation), on node Bip01 RCheek !
12:53:32 | WARNING: Some strips have same channel animation (scale), on node Bip01 RCheek !
12:53:32 | WARNING: Some strips have same channel animation (translation), on node Bip01 LCheek !
12:53:32 | WARNING: Some strips have same channel animation (rotation), on node Bip01 LCheek !
12:53:32 | WARNING: Some strips have same channel animation (scale), on node Bip01 LCheek !
12:53:32 | WARNING: Some strips have same channel animation (translation), on node Bip01 REyeBlinkTop !
12:53:32 | WARNING: Some strips have same channel animation (rotation), on node Bip01 REyeBlinkTop !
12:53:32 | WARNING: Some strips have same channel animation (scale), on node Bip01 REyeBlinkTop !
12:53:32 | WARNING: Some strips have same channel animation (translation), on node Bip01 LEyeBlinkTop !
12:53:32 | WARNING: Some strips have same channel animation (rotation), on node Bip01 LEyeBlinkTop !
12:53:32 | WARNING: Some strips have same channel animation (scale), on node Bip01 LEyeBlinkTop !
12:53:32 | WARNING: Some strips have same channel animation (translation), on node Bip01 RInnerEyebrow !
12:53:32 | WARNING: Some strips have same channel animation (rotation), on node Bip01 RInnerEyebrow !
12:53:32 | WARNING: Some strips have same channel animation (scale), on node Bip01 RInnerEyebrow !
12:53:32 | WARNING: Some strips have same channel animation (translation), on node Bip01 LInnerEyebrow !
12:53:32 | WARNING: Some strips have same channel animation (rotation), on node Bip01 LInnerEyebrow !
12:53:32 | WARNING: Some strips have same channel animation (scale), on node Bip01 LInnerEyebrow !
12:53:32 | WARNING: Some strips have same channel animation (translation), on node Bip01 MMiddleEyebrow !
12:53:32 | WARNING: Some strips have same channel animation (rotation), on node Bip01 MMiddleEyebrow !
12:53:32 | WARNING: Some strips have same channel animation (scale), on node Bip01 MMiddleEyebrow !
12:53:32 | WARNING: Some strips have same channel animation (translation), on node Bip01 ROuterEyebrow !
12:53:32 | WARNING: Some strips have same channel animation (rotation), on node Bip01 ROuterEyebrow !
12:53:32 | WARNING: Some strips have same channel animation (scale), on node Bip01 ROuterEyebrow !
12:53:32 | WARNING: Some strips have same channel animation (translation), on node Bip01 LOuterEyebrow !
12:53:32 | WARNING: Some strips have same channel animation (rotation), on node Bip01 LOuterEyebrow !
12:53:32 | WARNING: Some strips have same channel animation (scale), on node Bip01 LOuterEyebrow !
12:53:32 | WARNING: Some strips have same channel animation (translation), on node Bip01 MNose !
12:53:32 | WARNING: Some strips have same channel animation (rotation), on node Bip01 MNose !
12:53:32 | WARNING: Some strips have same channel animation (scale), on node Bip01 MNose !
12:53:32 | WARNING: Some strips have same channel animation (translation), on node Bip01 L Clavicle !
12:53:32 | WARNING: Some strips have same channel animation (rotation), on node Bip01 L Clavicle !
12:53:32 | WARNING: Some strips have same channel animation (scale), on node Bip01 L Clavicle !
12:53:32 | WARNING: Some strips have same channel animation (translation), on node Bip01 L UpperArm !
12:53:32 | WARNING: Some strips have same channel animation (rotation), on node Bip01 L UpperArm !
12:53:32 | WARNING: Some strips have same channel animation (scale), on node Bip01 L UpperArm !
12:53:32 | WARNING: Some strips have same channel animation (translation), on node Bip01 L Forearm !
12:53:32 | WARNING: Some strips have same channel animation (rotation), on node Bip01 L Forearm !
12:53:32 | WARNING: Some strips have same channel animation (scale), on node Bip01 L Forearm !
12:53:32 | WARNING: Some strips have same channel animation (translation), on node Bip01 L Hand !
12:53:32 | WARNING: Some strips have same channel animation (rotation), on node Bip01 L Hand !
12:53:32 | WARNING: Some strips have same channel animation (scale), on node Bip01 L Hand !
12:53:32 | WARNING: Some strips have same channel animation (translation), on node Bip01 L Finger0 !
12:53:32 | WARNING: Some strips have same channel animation (rotation), on node Bip01 L Finger0 !
12:53:32 | WARNING: Some strips have same channel animation (scale), on node Bip01 L Finger0 !
12:53:32 | WARNING: Some strips have same channel animation (translation), on node Bip01 L Finger01 !
12:53:32 | WARNING: Some strips have same channel animation (rotation), on node Bip01 L Finger01 !
12:53:32 | WARNING: Some strips have same channel animation (scale), on node Bip01 L Finger01 !
12:53:32 | WARNING: Some strips have same channel animation (translation), on node Bip01 L Finger02 !
12:53:32 | WARNING: Some strips have same channel animation (rotation), on node Bip01 L Finger02 !
12:53:32 | WARNING: Some strips have same channel animation (scale), on node Bip01 L Finger02 !
12:53:32 | WARNING: Some strips have same channel animation (translation), on node Bip01 L Finger1 !
12:53:32 | WARNING: Some strips have same channel animation (rotation), on node Bip01 L Finger1 !
12:53:32 | WARNING: Some strips have same channel animation (scale), on node Bip01 L Finger1 !
12:53:32 | WARNING: Some strips have same channel animation (translation), on node Bip01 L Finger11 !
12:53:32 | WARNING: Some strips have same channel animation (rotation), on node Bip01 L Finger11 !
12:53:32 | WARNING: Some strips have same channel animation (scale), on node Bip01 L Finger11 !
12:53:32 | WARNING: Some strips have same channel animation (translation), on node Bip01 L Finger12 !
12:53:32 | WARNING: Some strips have same channel animation (rotation), on node Bip01 L Finger12 !
12:53:32 | WARNING: Some strips have same channel animation (scale), on node Bip01 L Finger12 !
12:53:32 | WARNING: Some strips have same channel animation (translation), on node Bip01 L Finger2 !
12:53:32 | WARNING: Some strips have same channel animation (rotation), on node Bip01 L Finger2 !
12:53:32 | WARNING: Some strips have same channel animation (scale), on node Bip01 L Finger2 !
12:53:32 | WARNING: Some strips have same channel animation (translation), on node Bip01 L Finger21 !
12:53:32 | WARNING: Some strips have same channel animation (rotation), on node Bip01 L Finger21 !
12:53:32 | WARNING: Some strips have same channel animation (scale), on node Bip01 L Finger21 !
12:53:32 | WARNING: Some strips have same channel animation (translation), on node Bip01 L Finger22 !
12:53:32 | WARNING: Some strips have same channel animation (rotation), on node Bip01 L Finger22 !
12:53:32 | WARNING: Some strips have same channel animation (scale), on node Bip01 L Finger22 !
12:53:32 | WARNING: Some strips have same channel animation (translation), on node Bip01 L Finger3 !
12:53:32 | WARNING: Some strips have same channel animation (rotation), on node Bip01 L Finger3 !
12:53:32 | WARNING: Some strips have same channel animation (scale), on node Bip01 L Finger3 !
12:53:32 | WARNING: Some strips have same channel animation (translation), on node Bip01 L Finger31 !
12:53:32 | WARNING: Some strips have same channel animation (rotation), on node Bip01 L Finger31 !
12:53:32 | WARNING: Some strips have same channel animation (scale), on node Bip01 L Finger31 !
12:53:32 | WARNING: Some strips have same channel animation (translation), on node Bip01 L Finger32 !
12:53:32 | WARNING: Some strips have same channel animation (rotation), on node Bip01 L Finger32 !
12:53:32 | WARNING: Some strips have same channel animation (scale), on node Bip01 L Finger32 !
12:53:32 | WARNING: Some strips have same channel animation (translation), on node Bip01 L Finger4 !
12:53:32 | WARNING: Some strips have same channel animation (rotation), on node Bip01 L Finger4 !
12:53:32 | WARNING: Some strips have same channel animation (scale), on node Bip01 L Finger4 !
12:53:32 | WARNING: Some strips have same channel animation (translation), on node Bip01 L Finger41 !
12:53:32 | WARNING: Some strips have same channel animation (rotation), on node Bip01 L Finger41 !
12:53:32 | WARNING: Some strips have same channel animation (scale), on node Bip01 L Finger41 !
12:53:32 | WARNING: Some strips have same channel animation (translation), on node Bip01 L Finger42 !
12:53:32 | WARNING: Some strips have same channel animation (rotation), on node Bip01 L Finger42 !
12:53:32 | WARNING: Some strips have same channel animation (scale), on node Bip01 L Finger42 !
12:53:32 | WARNING: Some strips have same channel animation (translation), on node Bip01 R Clavicle !
12:53:32 | WARNING: Some strips have same channel animation (rotation), on node Bip01 R Clavicle !
12:53:32 | WARNING: Some strips have same channel animation (scale), on node Bip01 R Clavicle !
12:53:32 | WARNING: Some strips have same channel animation (translation), on node Bip01 R UpperArm !
12:53:32 | WARNING: Some strips have same channel animation (rotation), on node Bip01 R UpperArm !
12:53:32 | WARNING: Some strips have same channel animation (scale), on node Bip01 R UpperArm !
12:53:32 | WARNING: Some strips have same channel animation (translation), on node Bip01 R Forearm !
12:53:32 | WARNING: Some strips have same channel animation (rotation), on node Bip01 R Forearm !
12:53:32 | WARNING: Some strips have same channel animation (scale), on node Bip01 R Forearm !
12:53:32 | WARNING: Some strips have same channel animation (translation), on node Bip01 R Hand !
12:53:32 | WARNING: Some strips have same channel animation (rotation), on node Bip01 R Hand !
12:53:32 | WARNING: Some strips have same channel animation (scale), on node Bip01 R Hand !
12:53:32 | WARNING: Some strips have same channel animation (translation), on node Bip01 R Finger0 !
12:53:32 | WARNING: Some strips have same channel animation (rotation), on node Bip01 R Finger0 !
12:53:32 | WARNING: Some strips have same channel animation (scale), on node Bip01 R Finger0 !
12:53:32 | WARNING: Some strips have same channel animation (translation), on node Bip01 R Finger01 !
12:53:32 | WARNING: Some strips have same channel animation (rotation), on node Bip01 R Finger01 !
12:53:32 | WARNING: Some strips have same channel animation (scale), on node Bip01 R Finger01 !
12:53:32 | WARNING: Some strips have same channel animation (translation), on node Bip01 R Finger02 !
12:53:32 | WARNING: Some strips have same channel animation (rotation), on node Bip01 R Finger02 !
12:53:32 | WARNING: Some strips have same channel animation (scale), on node Bip01 R Finger02 !
12:53:32 | WARNING: Some strips have same channel animation (translation), on node Bip01 R Finger1 !
12:53:32 | WARNING: Some strips have same channel animation (rotation), on node Bip01 R Finger1 !
12:53:32 | WARNING: Some strips have same channel animation (scale), on node Bip01 R Finger1 !
12:53:32 | WARNING: Some strips have same channel animation (translation), on node Bip01 R Finger11 !
12:53:32 | WARNING: Some strips have same channel animation (rotation), on node Bip01 R Finger11 !
12:53:32 | WARNING: Some strips have same channel animation (scale), on node Bip01 R Finger11 !
12:53:32 | WARNING: Some strips have same channel animation (translation), on node Bip01 R Finger12 !
12:53:32 | WARNING: Some strips have same channel animation (rotation), on node Bip01 R Finger12 !
12:53:32 | WARNING: Some strips have same channel animation (scale), on node Bip01 R Finger12 !
12:53:32 | WARNING: Some strips have same channel animation (translation), on node Bip01 R Finger2 !
12:53:32 | WARNING: Some strips have same channel animation (rotation), on node Bip01 R Finger2 !
12:53:32 | WARNING: Some strips have same channel animation (scale), on node Bip01 R Finger2 !
12:53:32 | WARNING: Some strips have same channel animation (translation), on node Bip01 R Finger21 !
12:53:32 | WARNING: Some strips have same channel animation (rotation), on node Bip01 R Finger21 !
12:53:32 | WARNING: Some strips have same channel animation (scale), on node Bip01 R Finger21 !
12:53:32 | WARNING: Some strips have same channel animation (translation), on node Bip01 R Finger22 !
12:53:32 | WARNING: Some strips have same channel animation (rotation), on node Bip01 R Finger22 !
12:53:32 | WARNING: Some strips have same channel animation (scale), on node Bip01 R Finger22 !
12:53:32 | WARNING: Some strips have same channel animation (translation), on node Bip01 R Finger3 !
12:53:32 | WARNING: Some strips have same channel animation (rotation), on node Bip01 R Finger3 !
12:53:32 | WARNING: Some strips have same channel animation (scale), on node Bip01 R Finger3 !
12:53:32 | WARNING: Some strips have same channel animation (translation), on node Bip01 R Finger31 !
12:53:32 | WARNING: Some strips have same channel animation (rotation), on node Bip01 R Finger31 !
12:53:32 | WARNING: Some strips have same channel animation (scale), on node Bip01 R Finger31 !
12:53:32 | WARNING: Some strips have same channel animation (translation), on node Bip01 R Finger32 !
12:53:32 | WARNING: Some strips have same channel animation (rotation), on node Bip01 R Finger32 !
12:53:32 | WARNING: Some strips have same channel animation (scale), on node Bip01 R Finger32 !
12:53:32 | WARNING: Some strips have same channel animation (translation), on node Bip01 R Finger4 !
12:53:32 | WARNING: Some strips have same channel animation (rotation), on node Bip01 R Finger4 !
12:53:32 | WARNING: Some strips have same channel animation (scale), on node Bip01 R Finger4 !
12:53:32 | WARNING: Some strips have same channel animation (translation), on node Bip01 R Finger41 !
12:53:32 | WARNING: Some strips have same channel animation (rotation), on node Bip01 R Finger41 !
12:53:32 | WARNING: Some strips have same channel animation (scale), on node Bip01 R Finger41 !
12:53:32 | WARNING: Some strips have same channel animation (translation), on node Bip01 R Finger42 !
12:53:32 | WARNING: Some strips have same channel animation (rotation), on node Bip01 R Finger42 !
12:53:32 | WARNING: Some strips have same channel animation (scale), on node Bip01 R Finger42 !
12:53:32 | WARNING: Some strips have same channel animation (translation), on node Bip01 L Thigh !
12:53:32 | WARNING: Some strips have same channel animation (rotation), on node Bip01 L Thigh !
12:53:32 | WARNING: Some strips have same channel animation (scale), on node Bip01 L Thigh !
12:53:32 | WARNING: Some strips have same channel animation (translation), on node Bip01 L Calf !
12:53:32 | WARNING: Some strips have same channel animation (rotation), on node Bip01 L Calf !
12:53:32 | WARNING: Some strips have same channel animation (scale), on node Bip01 L Calf !
12:53:32 | WARNING: Some strips have same channel animation (translation), on node Bip01 L Foot !
12:53:32 | WARNING: Some strips have same channel animation (rotation), on node Bip01 L Foot !
12:53:32 | WARNING: Some strips have same channel animation (scale), on node Bip01 L Foot !
12:53:32 | WARNING: Some strips have same channel animation (translation), on node Bip01 L Toe0 !
12:53:32 | WARNING: Some strips have same channel animation (rotation), on node Bip01 L Toe0 !
12:53:32 | WARNING: Some strips have same channel animation (scale), on node Bip01 L Toe0 !
12:53:32 | WARNING: Some strips have same channel animation (translation), on node Bip01 R Thigh !
12:53:32 | WARNING: Some strips have same channel animation (rotation), on node Bip01 R Thigh !
12:53:32 | WARNING: Some strips have same channel animation (scale), on node Bip01 R Thigh !
12:53:32 | WARNING: Some strips have same channel animation (translation), on node Bip01 R Calf !
12:53:32 | WARNING: Some strips have same channel animation (rotation), on node Bip01 R Calf !
12:53:32 | WARNING: Some strips have same channel animation (scale), on node Bip01 R Calf !
12:53:32 | WARNING: Some strips have same channel animation (translation), on node Bip01 R Foot !
12:53:32 | WARNING: Some strips have same channel animation (rotation), on node Bip01 R Foot !
12:53:32 | WARNING: Some strips have same channel animation (scale), on node Bip01 R Foot !
12:53:32 | WARNING: Some strips have same channel animation (translation), on node Bip01 R Toe0 !
12:53:32 | WARNING: Some strips have same channel animation (rotation), on node Bip01 R Toe0 !
12:53:32 | WARNING: Some strips have same channel animation (scale), on node Bip01 R Toe0 !
12:53:32 | INFO: Finished glTF 2.0 export in 1.6160101890563965 s
Warning: Path 'D:\temp\Humans\without_opacity_version\m007\textures\m007_body_specular.tga' cannot be made relative for Image 'Bitmaptexture'
Warning: Path 'D:\temp\Humans\without_opacity_version\m007\textures\m007_head_specular.tga' cannot be made relative for Image 'Bitmaptexture.001'
Warning: Path 'D:\temp\Humans\without_opacity_version\m007\textures\m007_body_color.tga' cannot be made relative for Image 'Map #1'
Warning: Path 'D:\temp\Humans\without_opacity_version\m007\textures\m007_body_normal.tga' cannot be made relative for Image 'Map #3'
Warning: Path 'D:\temp\Humans\without_opacity_version\m007\textures\m007_head_color.tga' cannot be made relative for Image 'Map #5'
Warning: Path 'D:\temp\Humans\without_opacity_version\m007\textures\m007_head_normal.tga' cannot be made relative for Image 'Map #7'
Fra:20 Mem:29.70M (Peak 68.76M) | Time:00:00.00 | Mem:0.00M, Peak:0.00M | Scene, ViewLayer | Synchronizing object | Human_eli
Fra:20 Mem:30.59M (Peak 68.76M) | Time:00:00.01 | Mem:0.00M, Peak:0.00M | Scene, ViewLayer | Initializing
Fra:20 Mem:26.58M (Peak 68.76M) | Time:00:00.01 | Mem:0.00M, Peak:0.00M | Scene, ViewLayer | Waiting for render to start
Fra:20 Mem:26.58M (Peak 68.76M) | Time:00:00.01 | Mem:0.00M, Peak:0.00M | Scene, ViewLayer | Loading render kernels (may take a few minutes the first time)
Fra:20 Mem:26.58M (Peak 68.76M) | Time:00:00.01 | Mem:0.00M, Peak:0.00M | Scene, ViewLayer | Updating Scene
Fra:20 Mem:26.58M (Peak 68.76M) | Time:00:00.01 | Mem:0.00M, Peak:0.00M | Scene, ViewLayer | Updating Shaders
Fra:20 Mem:26.66M (Peak 68.76M) | Time:00:00.01 | Mem:0.00M, Peak:0.00M | Scene, ViewLayer | Updating Procedurals
Fra:20 Mem:26.66M (Peak 68.76M) | Time:00:00.01 | Mem:0.00M, Peak:0.00M | Scene, ViewLayer | Updating Background
Fra:20 Mem:26.66M (Peak 68.76M) | Time:00:00.01 | Mem:0.00M, Peak:0.00M | Scene, ViewLayer | Updating Camera
Fra:20 Mem:26.66M (Peak 68.76M) | Time:00:00.01 | Mem:0.00M, Peak:0.00M | Scene, ViewLayer | Updating Meshes Flags
Fra:20 Mem:26.66M (Peak 68.76M) | Time:00:00.01 | Mem:0.00M, Peak:0.00M | Scene, ViewLayer | Updating Objects
Fra:20 Mem:26.66M (Peak 68.76M) | Time:00:00.01 | Mem:0.00M, Peak:0.00M | Scene, ViewLayer | Updating Objects | Copying Transformations to device
Fra:20 Mem:26.67M (Peak 68.76M) | Time:00:00.01 | Mem:0.00M, Peak:0.00M | Scene, ViewLayer | Updating Objects | Applying Static Transformations
Fra:20 Mem:26.67M (Peak 68.76M) | Time:00:00.01 | Mem:0.00M, Peak:0.00M | Scene, ViewLayer | Updating Particle Systems
Fra:20 Mem:26.67M (Peak 68.76M) | Time:00:00.01 | Mem:0.00M, Peak:0.00M | Scene, ViewLayer | Updating Particle Systems | Copying Particles to device
Fra:20 Mem:26.67M (Peak 68.76M) | Time:00:00.01 | Mem:0.01M, Peak:0.01M | Scene, ViewLayer | Updating Meshes
Fra:20 Mem:26.77M (Peak 68.76M) | Time:00:00.01 | Mem:0.01M, Peak:0.01M | Scene, ViewLayer | Updating Mesh | Computing attributes
Fra:20 Mem:27.27M (Peak 68.76M) | Time:00:00.01 | Mem:0.01M, Peak:0.01M | Scene, ViewLayer | Updating Mesh | Copying Attributes to device
Fra:20 Mem:27.27M (Peak 68.76M) | Time:00:00.01 | Mem:0.51M, Peak:0.51M | Scene, ViewLayer | Updating Scene BVH | Building
Fra:20 Mem:27.27M (Peak 68.76M) | Time:00:00.01 | Mem:0.51M, Peak:0.51M | Scene, ViewLayer | Updating Scene BVH | Building BVH
Fra:20 Mem:27.27M (Peak 68.76M) | Time:00:00.01 | Mem:0.71M, Peak:0.71M | Scene, ViewLayer | Updating Scene BVH | Building BVH 0%
Fra:20 Mem:27.27M (Peak 68.76M) | Time:00:00.01 | Mem:0.96M, Peak:1.17M | Scene, ViewLayer | Updating Scene BVH | Copying BVH to device
Fra:20 Mem:27.27M (Peak 68.76M) | Time:00:00.01 | Mem:0.96M, Peak:1.17M | Scene, ViewLayer | Updating Mesh | Computing normals
Fra:20 Mem:27.51M (Peak 68.76M) | Time:00:00.01 | Mem:0.96M, Peak:1.17M | Scene, ViewLayer | Updating Mesh | Copying Mesh to device
Fra:20 Mem:27.51M (Peak 68.76M) | Time:00:00.01 | Mem:1.20M, Peak:1.20M | Scene, ViewLayer | Updating Objects Flags
Fra:20 Mem:27.51M (Peak 68.76M) | Time:00:00.01 | Mem:1.20M, Peak:1.20M | Scene, ViewLayer | Updating Primitive Offsets
Fra:20 Mem:27.51M (Peak 68.76M) | Time:00:00.01 | Mem:1.20M, Peak:1.20M | Scene, ViewLayer | Updating Images
Fra:20 Mem:27.51M (Peak 68.76M) | Time:00:00.01 | Mem:1.20M, Peak:1.20M | Scene, ViewLayer | Updating Images | Loading m007_head_normal.png
Fra:20 Mem:31.51M (Peak 68.76M) | Time:00:00.01 | Mem:1.20M, Peak:1.20M | Scene, ViewLayer | Updating Images | Loading m007_body_color.png
Fra:20 Mem:47.51M (Peak 68.76M) | Time:00:00.01 | Mem:1.20M, Peak:1.20M | Scene, ViewLayer | Updating Images | Loading m007_body_normal.png
Fra:20 Mem:67.52M (Peak 68.76M) | Time:00:00.11 | Mem:41.20M, Peak:41.20M | Scene, ViewLayer | Updating Camera Volume
Fra:20 Mem:67.52M (Peak 68.76M) | Time:00:00.11 | Mem:41.20M, Peak:41.20M | Scene, ViewLayer | Updating Lookup Tables
Fra:20 Mem:67.52M (Peak 68.76M) | Time:00:00.11 | Mem:41.28M, Peak:41.28M | Scene, ViewLayer | Updating Lights
Fra:20 Mem:67.52M (Peak 68.76M) | Time:00:00.11 | Mem:41.28M, Peak:41.28M | Scene, ViewLayer | Updating Lights | Computing tree
Fra:20 Mem:67.52M (Peak 68.76M) | Time:00:00.11 | Mem:41.28M, Peak:41.28M | Scene, ViewLayer | Updating Integrator
Fra:20 Mem:67.52M (Peak 68.76M) | Time:00:00.11 | Mem:41.28M, Peak:41.28M | Scene, ViewLayer | Updating Film
Fra:20 Mem:67.53M (Peak 68.76M) | Time:00:00.11 | Mem:41.20M, Peak:41.28M | Scene, ViewLayer | Updating Lookup Tables
Fra:20 Mem:67.53M (Peak 68.76M) | Time:00:00.11 | Mem:41.29M, Peak:41.29M | Scene, ViewLayer | Updating Baking
Fra:20 Mem:67.53M (Peak 68.76M) | Time:00:00.11 | Mem:41.29M, Peak:41.29M | Scene, ViewLayer | Updating Device | Writing constant memory
Fra:20 Mem:67.53M (Peak 68.76M) | Time:00:00.11 | Mem:41.29M, Peak:41.29M | Scene, ViewLayer | Loading denoising kernels (may take a few minutes the first time)
Fra:20 Mem:67.53M (Peak 68.76M) | Time:00:00.11 | Mem:41.29M, Peak:41.29M | Scene, ViewLayer | Sample 0/24
Fra:20 Mem:100.67M (Peak 100.67M) | Time:00:00.21 | Remaining:00:02.12 | Mem:74.35M, Peak:74.35M | Scene, ViewLayer | Sample 1/24
Fra:20 Mem:114.59M (Peak 135.47M) | Time:00:04.35 | Mem:74.35M, Peak:74.35M | Scene, ViewLayer | Sample 24/24
Fra:20 Mem:114.59M (Peak 135.47M) | Time:00:04.35 | Mem:74.35M, Peak:74.35M | Scene, ViewLayer | Finished
Saved: 'C:\Users\VJs DMTeam\Documents\01_JEUX_ET_SIMULATIONS\jeu vj simulation\assets\characters\eli\portrait.png'
Time: 00:04.40 (Saving: 00:00.05)


Info: Saved "eli.blend"
CHARACTER_READY eli
FBX version: 7700
WARNING: User property type 'Short' is not supported
WARNING: User property type 'Short' is not supported
WARNING: User property type 'Short' is not supported
WARNING: User property type 'Short' is not supported
WARNING: User property type 'Short' is not supported
WARNING: User property type 'Short' is not supported
WARNING: User property type 'Short' is not supported
WARNING: User property type 'Short' is not supported
WARNING: User property type 'Short' is not supported
WARNING: User property type 'Short' is not supported
WARNING: User property type 'Short' is not supported
WARNING: User property type 'Short' is not supported
WARNING: User property type 'Short' is not supported
WARNING: User property type 'Short' is not supported
WARNING: User property type 'Short' is not supported
WARNING: User property type 'Short' is not supported
WARNING: User property type 'Short' is not supported
WARNING: User property type 'Short' is not supported
WARNING: User property type 'Short' is not supported
WARNING: User property type 'Short' is not supported
WARNING: User property type 'Short' is not supported
WARNING: User property type 'Short' is not supported
WARNING: User property type 'Short' is not supported
WARNING: User property type 'Short' is not supported
WARNING: User property type 'Short' is not supported
WARNING: User property type 'Short' is not supported
WARNING: User property type 'Short' is not supported
WARNING: User property type 'Short' is not supported
WARNING: User property type 'Short' is not supported
WARNING: User property type 'Short' is not supported
WARNING: User property type 'Short' is not supported
WARNING: User property type 'Short' is not supported
WARNING: User property type 'Short' is not supported
WARNING: User property type 'Short' is not supported
WARNING: User property type 'Short' is not supported
WARNING: User property type 'Short' is not supported
WARNING: User property type 'Short' is not supported
WARNING: User property type 'Short' is not supported
WARNING: User property type 'Short' is not supported
WARNING: User property type 'Short' is not supported
WARNING: User property type 'Short' is not supported
WARNING: User property type 'Short' is not supported
WARNING: User property type 'Short' is not supported
WARNING: User property type 'Short' is not supported
WARNING: User property type 'Short' is not supported
WARNING: User property type 'Short' is not supported
WARNING: User property type 'Short' is not supported
WARNING: User property type 'Short' is not supported
WARNING: User property type 'Short' is not supported
WARNING: User property type 'Short' is not supported
WARNING: User property type 'Short' is not supported
WARNING: User property type 'Short' is not supported
WARNING: User property type 'Short' is not supported
WARNING: User property type 'Short' is not supported
WARNING: User property type 'Short' is not supported
WARNING: User property type 'Short' is not supported
WARNING: User property type 'Short' is not supported
WARNING: User property type 'Short' is not supported
WARNING: User property type 'Short' is not supported
WARNING: User property type 'Short' is not supported
WARNING: User property type 'Short' is not supported
WARNING: User property type 'Short' is not supported
WARNING: User property type 'Short' is not supported
WARNING: User property type 'Short' is not supported
WARNING: User property type 'Short' is not supported
WARNING: User property type 'Short' is not supported
WARNING: User property type 'Short' is not supported
WARNING: User property type 'Short' is not supported
WARNING: User property type 'Short' is not supported
WARNING: User property type 'Short' is not supported
WARNING: User property type 'Short' is not supported
WARNING: User property type 'Short' is not supported
WARNING: User property type 'Short' is not supported
WARNING: User property type 'Short' is not supported
WARNING: User property type 'Short' is not supported
WARNING: User property type 'Short' is not supported
WARNING: User property type 'Short' is not supported
WARNING: User property type 'Short' is not supported
WARNING: User property type 'Short' is not supported
WARNING: User property type 'Short' is not supported
WARNING: User property type 'Short' is not supported
FBX version: 7700
12:53:40 | INFO: Starting glTF 2.0 export
12:53:40 | INFO: Extracting primitive: Mesh
12:53:40 | INFO: Primitives created: 5
12:53:41 | WARNING: Some strips have same channel animation (translation), on node Bip01 Pelvis !
12:53:41 | WARNING: Some strips have same channel animation (rotation), on node Bip01 Pelvis !
12:53:41 | WARNING: Some strips have same channel animation (scale), on node Bip01 Pelvis !
12:53:41 | WARNING: Some strips have same channel animation (translation), on node Bip01 Spine !
12:53:41 | WARNING: Some strips have same channel animation (rotation), on node Bip01 Spine !
12:53:41 | WARNING: Some strips have same channel animation (scale), on node Bip01 Spine !
12:53:41 | WARNING: Some strips have same channel animation (translation), on node Bip01 Spine1 !
12:53:41 | WARNING: Some strips have same channel animation (rotation), on node Bip01 Spine1 !
12:53:41 | WARNING: Some strips have same channel animation (scale), on node Bip01 Spine1 !
12:53:41 | WARNING: Some strips have same channel animation (translation), on node Bip01 Spine2 !
12:53:41 | WARNING: Some strips have same channel animation (rotation), on node Bip01 Spine2 !
12:53:41 | WARNING: Some strips have same channel animation (scale), on node Bip01 Spine2 !
12:53:41 | WARNING: Some strips have same channel animation (translation), on node Bip01 Neck !
12:53:41 | WARNING: Some strips have same channel animation (rotation), on node Bip01 Neck !
12:53:41 | WARNING: Some strips have same channel animation (scale), on node Bip01 Neck !
12:53:41 | WARNING: Some strips have same channel animation (translation), on node Bip01 Head !
12:53:41 | WARNING: Some strips have same channel animation (rotation), on node Bip01 Head !
12:53:41 | WARNING: Some strips have same channel animation (scale), on node Bip01 Head !
12:53:41 | WARNING: Some strips have same channel animation (translation), on node Bip01 REye !
12:53:41 | WARNING: Some strips have same channel animation (rotation), on node Bip01 REye !
12:53:41 | WARNING: Some strips have same channel animation (scale), on node Bip01 REye !
12:53:41 | WARNING: Some strips have same channel animation (translation), on node Bip01 LEye !
12:53:41 | WARNING: Some strips have same channel animation (rotation), on node Bip01 LEye !
12:53:41 | WARNING: Some strips have same channel animation (scale), on node Bip01 LEye !
12:53:41 | WARNING: Some strips have same channel animation (translation), on node Bip01 MJaw !
12:53:41 | WARNING: Some strips have same channel animation (rotation), on node Bip01 MJaw !
12:53:41 | WARNING: Some strips have same channel animation (scale), on node Bip01 MJaw !
12:53:41 | WARNING: Some strips have same channel animation (translation), on node Bip01 MBottomLip !
12:53:41 | WARNING: Some strips have same channel animation (rotation), on node Bip01 MBottomLip !
12:53:41 | WARNING: Some strips have same channel animation (scale), on node Bip01 MBottomLip !
12:53:41 | WARNING: Some strips have same channel animation (translation), on node Bip01 MTongue !
12:53:41 | WARNING: Some strips have same channel animation (rotation), on node Bip01 MTongue !
12:53:41 | WARNING: Some strips have same channel animation (scale), on node Bip01 MTongue !
12:53:41 | WARNING: Some strips have same channel animation (translation), on node Bip01 LMouthBottom !
12:53:41 | WARNING: Some strips have same channel animation (rotation), on node Bip01 LMouthBottom !
12:53:41 | WARNING: Some strips have same channel animation (scale), on node Bip01 LMouthBottom !
12:53:41 | WARNING: Some strips have same channel animation (translation), on node Bip01 RMouthBottom !
12:53:41 | WARNING: Some strips have same channel animation (rotation), on node Bip01 RMouthBottom !
12:53:41 | WARNING: Some strips have same channel animation (scale), on node Bip01 RMouthBottom !
12:53:41 | WARNING: Some strips have same channel animation (translation), on node Bip01 RMasseter !
12:53:41 | WARNING: Some strips have same channel animation (rotation), on node Bip01 RMasseter !
12:53:41 | WARNING: Some strips have same channel animation (scale), on node Bip01 RMasseter !
12:53:41 | WARNING: Some strips have same channel animation (translation), on node Bip01 LMasseter !
12:53:41 | WARNING: Some strips have same channel animation (rotation), on node Bip01 LMasseter !
12:53:41 | WARNING: Some strips have same channel animation (scale), on node Bip01 LMasseter !
12:53:41 | WARNING: Some strips have same channel animation (translation), on node Bip01 MUpperLip !
12:53:41 | WARNING: Some strips have same channel animation (rotation), on node Bip01 MUpperLip !
12:53:41 | WARNING: Some strips have same channel animation (scale), on node Bip01 MUpperLip !
12:53:41 | WARNING: Some strips have same channel animation (translation), on node Bip01 RCaninus !
12:53:41 | WARNING: Some strips have same channel animation (rotation), on node Bip01 RCaninus !
12:53:41 | WARNING: Some strips have same channel animation (scale), on node Bip01 RCaninus !
12:53:41 | WARNING: Some strips have same channel animation (translation), on node Bip01 LCaninus !
12:53:41 | WARNING: Some strips have same channel animation (rotation), on node Bip01 LCaninus !
12:53:41 | WARNING: Some strips have same channel animation (scale), on node Bip01 LCaninus !
12:53:41 | WARNING: Some strips have same channel animation (translation), on node Bip01 REyeBlinkBottom !
12:53:41 | WARNING: Some strips have same channel animation (rotation), on node Bip01 REyeBlinkBottom !
12:53:41 | WARNING: Some strips have same channel animation (scale), on node Bip01 REyeBlinkBottom !
12:53:41 | WARNING: Some strips have same channel animation (translation), on node Bip01 LEyeBlinkBottom !
12:53:41 | WARNING: Some strips have same channel animation (rotation), on node Bip01 LEyeBlinkBottom !
12:53:41 | WARNING: Some strips have same channel animation (scale), on node Bip01 LEyeBlinkBottom !
12:53:41 | WARNING: Some strips have same channel animation (translation), on node Bip01 RUpperlip !
12:53:41 | WARNING: Some strips have same channel animation (rotation), on node Bip01 RUpperlip !
12:53:41 | WARNING: Some strips have same channel animation (scale), on node Bip01 RUpperlip !
12:53:41 | WARNING: Some strips have same channel animation (translation), on node Bip01 LUpperlip !
12:53:41 | WARNING: Some strips have same channel animation (rotation), on node Bip01 LUpperlip !
12:53:41 | WARNING: Some strips have same channel animation (scale), on node Bip01 LUpperlip !
12:53:41 | WARNING: Some strips have same channel animation (translation), on node Bip01 RMouthCorner !
12:53:41 | WARNING: Some strips have same channel animation (rotation), on node Bip01 RMouthCorner !
12:53:41 | WARNING: Some strips have same channel animation (scale), on node Bip01 RMouthCorner !
12:53:41 | WARNING: Some strips have same channel animation (translation), on node Bip01 LMouthCorner !
12:53:41 | WARNING: Some strips have same channel animation (rotation), on node Bip01 LMouthCorner !
12:53:41 | WARNING: Some strips have same channel animation (scale), on node Bip01 LMouthCorner !
12:53:41 | WARNING: Some strips have same channel animation (translation), on node Bip01 RCheek !
12:53:41 | WARNING: Some strips have same channel animation (rotation), on node Bip01 RCheek !
12:53:41 | WARNING: Some strips have same channel animation (scale), on node Bip01 RCheek !
12:53:41 | WARNING: Some strips have same channel animation (translation), on node Bip01 LCheek !
12:53:41 | WARNING: Some strips have same channel animation (rotation), on node Bip01 LCheek !
12:53:41 | WARNING: Some strips have same channel animation (scale), on node Bip01 LCheek !
12:53:41 | WARNING: Some strips have same channel animation (translation), on node Bip01 REyeBlinkTop !
12:53:41 | WARNING: Some strips have same channel animation (rotation), on node Bip01 REyeBlinkTop !
12:53:41 | WARNING: Some strips have same channel animation (scale), on node Bip01 REyeBlinkTop !
12:53:41 | WARNING: Some strips have same channel animation (translation), on node Bip01 LEyeBlinkTop !
12:53:41 | WARNING: Some strips have same channel animation (rotation), on node Bip01 LEyeBlinkTop !
12:53:41 | WARNING: Some strips have same channel animation (scale), on node Bip01 LEyeBlinkTop !
12:53:41 | WARNING: Some strips have same channel animation (translation), on node Bip01 RInnerEyebrow !
12:53:41 | WARNING: Some strips have same channel animation (rotation), on node Bip01 RInnerEyebrow !
12:53:41 | WARNING: Some strips have same channel animation (scale), on node Bip01 RInnerEyebrow !
12:53:41 | WARNING: Some strips have same channel animation (translation), on node Bip01 LInnerEyebrow !
12:53:41 | WARNING: Some strips have same channel animation (rotation), on node Bip01 LInnerEyebrow !
12:53:41 | WARNING: Some strips have same channel animation (scale), on node Bip01 LInnerEyebrow !
12:53:41 | WARNING: Some strips have same channel animation (translation), on node Bip01 MMiddleEyebrow !
12:53:41 | WARNING: Some strips have same channel animation (rotation), on node Bip01 MMiddleEyebrow !
12:53:41 | WARNING: Some strips have same channel animation (scale), on node Bip01 MMiddleEyebrow !
12:53:41 | WARNING: Some strips have same channel animation (translation), on node Bip01 ROuterEyebrow !
12:53:41 | WARNING: Some strips have same channel animation (rotation), on node Bip01 ROuterEyebrow !
12:53:41 | WARNING: Some strips have same channel animation (scale), on node Bip01 ROuterEyebrow !
12:53:41 | WARNING: Some strips have same channel animation (translation), on node Bip01 LOuterEyebrow !
12:53:41 | WARNING: Some strips have same channel animation (rotation), on node Bip01 LOuterEyebrow !
12:53:41 | WARNING: Some strips have same channel animation (scale), on node Bip01 LOuterEyebrow !
12:53:41 | WARNING: Some strips have same channel animation (translation), on node Bip01 MNose !
12:53:41 | WARNING: Some strips have same channel animation (rotation), on node Bip01 MNose !
12:53:41 | WARNING: Some strips have same channel animation (scale), on node Bip01 MNose !
12:53:41 | WARNING: Some strips have same channel animation (translation), on node Bip01 L Clavicle !
12:53:41 | WARNING: Some strips have same channel animation (rotation), on node Bip01 L Clavicle !
12:53:41 | WARNING: Some strips have same channel animation (scale), on node Bip01 L Clavicle !
12:53:41 | WARNING: Some strips have same channel animation (translation), on node Bip01 L UpperArm !
12:53:41 | WARNING: Some strips have same channel animation (rotation), on node Bip01 L UpperArm !
12:53:41 | WARNING: Some strips have same channel animation (scale), on node Bip01 L UpperArm !
12:53:41 | WARNING: Some strips have same channel animation (translation), on node Bip01 L Forearm !
12:53:41 | WARNING: Some strips have same channel animation (rotation), on node Bip01 L Forearm !
12:53:41 | WARNING: Some strips have same channel animation (scale), on node Bip01 L Forearm !
12:53:41 | WARNING: Some strips have same channel animation (translation), on node Bip01 L Hand !
12:53:41 | WARNING: Some strips have same channel animation (rotation), on node Bip01 L Hand !
12:53:41 | WARNING: Some strips have same channel animation (scale), on node Bip01 L Hand !
12:53:41 | WARNING: Some strips have same channel animation (translation), on node Bip01 L Finger0 !
12:53:41 | WARNING: Some strips have same channel animation (rotation), on node Bip01 L Finger0 !
12:53:41 | WARNING: Some strips have same channel animation (scale), on node Bip01 L Finger0 !
12:53:41 | WARNING: Some strips have same channel animation (translation), on node Bip01 L Finger01 !
12:53:41 | WARNING: Some strips have same channel animation (rotation), on node Bip01 L Finger01 !
12:53:41 | WARNING: Some strips have same channel animation (scale), on node Bip01 L Finger01 !
12:53:41 | WARNING: Some strips have same channel animation (translation), on node Bip01 L Finger02 !
12:53:41 | WARNING: Some strips have same channel animation (rotation), on node Bip01 L Finger02 !
12:53:41 | WARNING: Some strips have same channel animation (scale), on node Bip01 L Finger02 !
12:53:41 | WARNING: Some strips have same channel animation (translation), on node Bip01 L Finger1 !
12:53:41 | WARNING: Some strips have same channel animation (rotation), on node Bip01 L Finger1 !
12:53:41 | WARNING: Some strips have same channel animation (scale), on node Bip01 L Finger1 !
12:53:41 | WARNING: Some strips have same channel animation (translation), on node Bip01 L Finger11 !
12:53:41 | WARNING: Some strips have same channel animation (rotation), on node Bip01 L Finger11 !
12:53:41 | WARNING: Some strips have same channel animation (scale), on node Bip01 L Finger11 !
12:53:41 | WARNING: Some strips have same channel animation (translation), on node Bip01 L Finger12 !
12:53:41 | WARNING: Some strips have same channel animation (rotation), on node Bip01 L Finger12 !
12:53:41 | WARNING: Some strips have same channel animation (scale), on node Bip01 L Finger12 !
12:53:41 | WARNING: Some strips have same channel animation (translation), on node Bip01 L Finger2 !
12:53:41 | WARNING: Some strips have same channel animation (rotation), on node Bip01 L Finger2 !
12:53:41 | WARNING: Some strips have same channel animation (scale), on node Bip01 L Finger2 !
12:53:41 | WARNING: Some strips have same channel animation (translation), on node Bip01 L Finger21 !
12:53:41 | WARNING: Some strips have same channel animation (rotation), on node Bip01 L Finger21 !
12:53:41 | WARNING: Some strips have same channel animation (scale), on node Bip01 L Finger21 !
12:53:41 | WARNING: Some strips have same channel animation (translation), on node Bip01 L Finger22 !
12:53:41 | WARNING: Some strips have same channel animation (rotation), on node Bip01 L Finger22 !
12:53:41 | WARNING: Some strips have same channel animation (scale), on node Bip01 L Finger22 !
12:53:41 | WARNING: Some strips have same channel animation (translation), on node Bip01 L Finger3 !
12:53:41 | WARNING: Some strips have same channel animation (rotation), on node Bip01 L Finger3 !
12:53:41 | WARNING: Some strips have same channel animation (scale), on node Bip01 L Finger3 !
12:53:41 | WARNING: Some strips have same channel animation (translation), on node Bip01 L Finger31 !
12:53:41 | WARNING: Some strips have same channel animation (rotation), on node Bip01 L Finger31 !
12:53:41 | WARNING: Some strips have same channel animation (scale), on node Bip01 L Finger31 !
12:53:41 | WARNING: Some strips have same channel animation (translation), on node Bip01 L Finger32 !
12:53:41 | WARNING: Some strips have same channel animation (rotation), on node Bip01 L Finger32 !
12:53:41 | WARNING: Some strips have same channel animation (scale), on node Bip01 L Finger32 !
12:53:41 | WARNING: Some strips have same channel animation (translation), on node Bip01 L Finger4 !
12:53:41 | WARNING: Some strips have same channel animation (rotation), on node Bip01 L Finger4 !
12:53:41 | WARNING: Some strips have same channel animation (scale), on node Bip01 L Finger4 !
12:53:41 | WARNING: Some strips have same channel animation (translation), on node Bip01 L Finger41 !
12:53:41 | WARNING: Some strips have same channel animation (rotation), on node Bip01 L Finger41 !
12:53:41 | WARNING: Some strips have same channel animation (scale), on node Bip01 L Finger41 !
12:53:41 | WARNING: Some strips have same channel animation (translation), on node Bip01 L Finger42 !
12:53:41 | WARNING: Some strips have same channel animation (rotation), on node Bip01 L Finger42 !
12:53:41 | WARNING: Some strips have same channel animation (scale), on node Bip01 L Finger42 !
12:53:41 | WARNING: Some strips have same channel animation (translation), on node Bip01 R Clavicle !
12:53:41 | WARNING: Some strips have same channel animation (rotation), on node Bip01 R Clavicle !
12:53:41 | WARNING: Some strips have same channel animation (scale), on node Bip01 R Clavicle !
12:53:41 | WARNING: Some strips have same channel animation (translation), on node Bip01 R UpperArm !
12:53:41 | WARNING: Some strips have same channel animation (rotation), on node Bip01 R UpperArm !
12:53:41 | WARNING: Some strips have same channel animation (scale), on node Bip01 R UpperArm !
12:53:41 | WARNING: Some strips have same channel animation (translation), on node Bip01 R Forearm !
12:53:41 | WARNING: Some strips have same channel animation (rotation), on node Bip01 R Forearm !
12:53:41 | WARNING: Some strips have same channel animation (scale), on node Bip01 R Forearm !
12:53:41 | WARNING: Some strips have same channel animation (translation), on node Bip01 R Hand !
12:53:41 | WARNING: Some strips have same channel animation (rotation), on node Bip01 R Hand !
12:53:41 | WARNING: Some strips have same channel animation (scale), on node Bip01 R Hand !
12:53:41 | WARNING: Some strips have same channel animation (translation), on node Bip01 R Finger0 !
12:53:41 | WARNING: Some strips have same channel animation (rotation), on node Bip01 R Finger0 !
12:53:41 | WARNING: Some strips have same channel animation (scale), on node Bip01 R Finger0 !
12:53:41 | WARNING: Some strips have same channel animation (translation), on node Bip01 R Finger01 !
12:53:41 | WARNING: Some strips have same channel animation (rotation), on node Bip01 R Finger01 !
12:53:41 | WARNING: Some strips have same channel animation (scale), on node Bip01 R Finger01 !
12:53:41 | WARNING: Some strips have same channel animation (translation), on node Bip01 R Finger02 !
12:53:41 | WARNING: Some strips have same channel animation (rotation), on node Bip01 R Finger02 !
12:53:41 | WARNING: Some strips have same channel animation (scale), on node Bip01 R Finger02 !
12:53:41 | WARNING: Some strips have same channel animation (translation), on node Bip01 R Finger1 !
12:53:41 | WARNING: Some strips have same channel animation (rotation), on node Bip01 R Finger1 !
12:53:41 | WARNING: Some strips have same channel animation (scale), on node Bip01 R Finger1 !
12:53:41 | WARNING: Some strips have same channel animation (translation), on node Bip01 R Finger11 !
12:53:41 | WARNING: Some strips have same channel animation (rotation), on node Bip01 R Finger11 !
12:53:41 | WARNING: Some strips have same channel animation (scale), on node Bip01 R Finger11 !
12:53:41 | WARNING: Some strips have same channel animation (translation), on node Bip01 R Finger12 !
12:53:41 | WARNING: Some strips have same channel animation (rotation), on node Bip01 R Finger12 !
12:53:41 | WARNING: Some strips have same channel animation (scale), on node Bip01 R Finger12 !
12:53:41 | WARNING: Some strips have same channel animation (translation), on node Bip01 R Finger2 !
12:53:41 | WARNING: Some strips have same channel animation (rotation), on node Bip01 R Finger2 !
12:53:41 | WARNING: Some strips have same channel animation (scale), on node Bip01 R Finger2 !
12:53:41 | WARNING: Some strips have same channel animation (translation), on node Bip01 R Finger21 !
12:53:41 | WARNING: Some strips have same channel animation (rotation), on node Bip01 R Finger21 !
12:53:41 | WARNING: Some strips have same channel animation (scale), on node Bip01 R Finger21 !
12:53:41 | WARNING: Some strips have same channel animation (translation), on node Bip01 R Finger22 !
12:53:41 | WARNING: Some strips have same channel animation (rotation), on node Bip01 R Finger22 !
12:53:41 | WARNING: Some strips have same channel animation (scale), on node Bip01 R Finger22 !
12:53:41 | WARNING: Some strips have same channel animation (translation), on node Bip01 R Finger3 !
12:53:41 | WARNING: Some strips have same channel animation (rotation), on node Bip01 R Finger3 !
12:53:41 | WARNING: Some strips have same channel animation (scale), on node Bip01 R Finger3 !
12:53:41 | WARNING: Some strips have same channel animation (translation), on node Bip01 R Finger31 !
12:53:41 | WARNING: Some strips have same channel animation (rotation), on node Bip01 R Finger31 !
12:53:41 | WARNING: Some strips have same channel animation (scale), on node Bip01 R Finger31 !
12:53:41 | WARNING: Some strips have same channel animation (translation), on node Bip01 R Finger32 !
12:53:41 | WARNING: Some strips have same channel animation (rotation), on node Bip01 R Finger32 !
12:53:41 | WARNING: Some strips have same channel animation (scale), on node Bip01 R Finger32 !
12:53:41 | WARNING: Some strips have same channel animation (translation), on node Bip01 R Finger4 !
12:53:41 | WARNING: Some strips have same channel animation (rotation), on node Bip01 R Finger4 !
12:53:41 | WARNING: Some strips have same channel animation (scale), on node Bip01 R Finger4 !
12:53:41 | WARNING: Some strips have same channel animation (translation), on node Bip01 R Finger41 !
12:53:41 | WARNING: Some strips have same channel animation (rotation), on node Bip01 R Finger41 !
12:53:41 | WARNING: Some strips have same channel animation (scale), on node Bip01 R Finger41 !
12:53:41 | WARNING: Some strips have same channel animation (translation), on node Bip01 R Finger42 !
12:53:41 | WARNING: Some strips have same channel animation (rotation), on node Bip01 R Finger42 !
12:53:41 | WARNING: Some strips have same channel animation (scale), on node Bip01 R Finger42 !
12:53:41 | WARNING: Some strips have same channel animation (translation), on node Bip01 L Thigh !
12:53:41 | WARNING: Some strips have same channel animation (rotation), on node Bip01 L Thigh !
12:53:41 | WARNING: Some strips have same channel animation (scale), on node Bip01 L Thigh !
12:53:41 | WARNING: Some strips have same channel animation (translation), on node Bip01 L Calf !
12:53:41 | WARNING: Some strips have same channel animation (rotation), on node Bip01 L Calf !
12:53:41 | WARNING: Some strips have same channel animation (scale), on node Bip01 L Calf !
12:53:41 | WARNING: Some strips have same channel animation (translation), on node Bip01 L Foot !
12:53:41 | WARNING: Some strips have same channel animation (rotation), on node Bip01 L Foot !
12:53:41 | WARNING: Some strips have same channel animation (scale), on node Bip01 L Foot !
12:53:41 | WARNING: Some strips have same channel animation (translation), on node Bip01 L Toe0 !
12:53:41 | WARNING: Some strips have same channel animation (rotation), on node Bip01 L Toe0 !
12:53:41 | WARNING: Some strips have same channel animation (scale), on node Bip01 L Toe0 !
12:53:41 | WARNING: Some strips have same channel animation (translation), on node Bip01 R Thigh !
12:53:41 | WARNING: Some strips have same channel animation (rotation), on node Bip01 R Thigh !
12:53:41 | WARNING: Some strips have same channel animation (scale), on node Bip01 R Thigh !
12:53:41 | WARNING: Some strips have same channel animation (translation), on node Bip01 R Calf !
12:53:41 | WARNING: Some strips have same channel animation (rotation), on node Bip01 R Calf !
12:53:41 | WARNING: Some strips have same channel animation (scale), on node Bip01 R Calf !
12:53:41 | WARNING: Some strips have same channel animation (translation), on node Bip01 R Foot !
12:53:41 | WARNING: Some strips have same channel animation (rotation), on node Bip01 R Foot !
12:53:41 | WARNING: Some strips have same channel animation (scale), on node Bip01 R Foot !
12:53:41 | WARNING: Some strips have same channel animation (translation), on node Bip01 R Toe0 !
12:53:41 | WARNING: Some strips have same channel animation (rotation), on node Bip01 R Toe0 !
12:53:41 | WARNING: Some strips have same channel animation (scale), on node Bip01 R Toe0 !
12:53:41 | INFO: Finished glTF 2.0 export in 1.2877578735351562 s
Warning: Path 'D:\temp\Humans\without_opacity_version\m022\textures\m022_body_specular.tga' cannot be made relative for Image 'Bitmaptexture'
Warning: Path 'D:\temp\Humans\without_opacity_version\m022\textures\m022_head_specular.tga' cannot be made relative for Image 'Bitmaptexture.001'
Warning: Path 'D:\temp\Humans\without_opacity_version\m022\textures\m022_body_color.tga' cannot be made relative for Image 'Map #2'
Warning: Path 'D:\temp\Humans\without_opacity_version\m022\textures\m022_body_normal.tga' cannot be made relative for Image 'Map #4'
Warning: Path 'D:\temp\Humans\without_opacity_version\m022\textures\m022_head_color.tga' cannot be made relative for Image 'Map #6'
Warning: Path 'D:\temp\Humans\without_opacity_version\m022\textures\m022_head_normal.tga' cannot be made relative for Image 'Map #8'
Fra:20 Mem:29.81M (Peak 68.87M) | Time:00:00.00 | Mem:0.00M, Peak:0.00M | Scene, ViewLayer | Synchronizing object | Human_sam
Fra:20 Mem:30.75M (Peak 68.87M) | Time:00:00.01 | Mem:0.00M, Peak:0.00M | Scene, ViewLayer | Initializing
Fra:20 Mem:26.72M (Peak 68.87M) | Time:00:00.01 | Mem:0.00M, Peak:0.00M | Scene, ViewLayer | Waiting for render to start
Fra:20 Mem:26.72M (Peak 68.87M) | Time:00:00.02 | Mem:0.00M, Peak:0.00M | Scene, ViewLayer | Loading render kernels (may take a few minutes the first time)
Fra:20 Mem:26.72M (Peak 68.87M) | Time:00:00.02 | Mem:0.00M, Peak:0.00M | Scene, ViewLayer | Updating Scene
Fra:20 Mem:26.72M (Peak 68.87M) | Time:00:00.02 | Mem:0.00M, Peak:0.00M | Scene, ViewLayer | Updating Shaders
Fra:20 Mem:26.81M (Peak 68.87M) | Time:00:00.02 | Mem:0.00M, Peak:0.00M | Scene, ViewLayer | Updating Procedurals
Fra:20 Mem:26.81M (Peak 68.87M) | Time:00:00.02 | Mem:0.00M, Peak:0.00M | Scene, ViewLayer | Updating Background
Fra:20 Mem:26.81M (Peak 68.87M) | Time:00:00.02 | Mem:0.00M, Peak:0.00M | Scene, ViewLayer | Updating Camera
Fra:20 Mem:26.81M (Peak 68.87M) | Time:00:00.02 | Mem:0.00M, Peak:0.00M | Scene, ViewLayer | Updating Meshes Flags
Fra:20 Mem:26.81M (Peak 68.87M) | Time:00:00.02 | Mem:0.00M, Peak:0.00M | Scene, ViewLayer | Updating Objects
Fra:20 Mem:26.81M (Peak 68.87M) | Time:00:00.02 | Mem:0.00M, Peak:0.00M | Scene, ViewLayer | Updating Objects | Copying Transformations to device
Fra:20 Mem:26.81M (Peak 68.87M) | Time:00:00.02 | Mem:0.00M, Peak:0.00M | Scene, ViewLayer | Updating Objects | Applying Static Transformations
Fra:20 Mem:26.81M (Peak 68.87M) | Time:00:00.02 | Mem:0.00M, Peak:0.00M | Scene, ViewLayer | Updating Particle Systems
Fra:20 Mem:26.81M (Peak 68.87M) | Time:00:00.02 | Mem:0.00M, Peak:0.00M | Scene, ViewLayer | Updating Particle Systems | Copying Particles to device
Fra:20 Mem:26.81M (Peak 68.87M) | Time:00:00.02 | Mem:0.01M, Peak:0.01M | Scene, ViewLayer | Updating Meshes
Fra:20 Mem:26.92M (Peak 68.87M) | Time:00:00.02 | Mem:0.01M, Peak:0.01M | Scene, ViewLayer | Updating Mesh | Computing attributes
Fra:20 Mem:27.45M (Peak 68.87M) | Time:00:00.02 | Mem:0.01M, Peak:0.01M | Scene, ViewLayer | Updating Mesh | Copying Attributes to device
Fra:20 Mem:27.45M (Peak 68.87M) | Time:00:00.02 | Mem:0.54M, Peak:0.54M | Scene, ViewLayer | Updating Scene BVH | Building
Fra:20 Mem:27.45M (Peak 68.87M) | Time:00:00.02 | Mem:0.54M, Peak:0.54M | Scene, ViewLayer | Updating Scene BVH | Building BVH
Fra:20 Mem:27.45M (Peak 68.87M) | Time:00:00.02 | Mem:0.75M, Peak:0.75M | Scene, ViewLayer | Updating Scene BVH | Building BVH 0%
Fra:20 Mem:27.45M (Peak 68.87M) | Time:00:00.02 | Mem:1.01M, Peak:1.23M | Scene, ViewLayer | Updating Scene BVH | Copying BVH to device
Fra:20 Mem:27.45M (Peak 68.87M) | Time:00:00.02 | Mem:1.01M, Peak:1.23M | Scene, ViewLayer | Updating Mesh | Computing normals
Fra:20 Mem:27.70M (Peak 68.87M) | Time:00:00.02 | Mem:1.01M, Peak:1.23M | Scene, ViewLayer | Updating Mesh | Copying Mesh to device
Fra:20 Mem:27.70M (Peak 68.87M) | Time:00:00.02 | Mem:1.26M, Peak:1.26M | Scene, ViewLayer | Updating Objects Flags
Fra:20 Mem:27.70M (Peak 68.87M) | Time:00:00.02 | Mem:1.26M, Peak:1.26M | Scene, ViewLayer | Updating Primitive Offsets
Fra:20 Mem:27.70M (Peak 68.87M) | Time:00:00.02 | Mem:1.26M, Peak:1.26M | Scene, ViewLayer | Updating Images
Fra:20 Mem:27.70M (Peak 68.87M) | Time:00:00.02 | Mem:1.26M, Peak:1.26M | Scene, ViewLayer | Updating Images | Loading m022_body_normal.png
Fra:20 Mem:27.70M (Peak 68.87M) | Time:00:00.02 | Mem:1.26M, Peak:1.26M | Scene, ViewLayer | Updating Images | Loading m022_head_normal.png
Fra:20 Mem:67.71M (Peak 68.87M) | Time:00:00.12 | Mem:41.26M, Peak:41.26M | Scene, ViewLayer | Updating Camera Volume
Fra:20 Mem:67.71M (Peak 68.87M) | Time:00:00.12 | Mem:41.26M, Peak:41.26M | Scene, ViewLayer | Updating Lookup Tables
Fra:20 Mem:67.71M (Peak 68.87M) | Time:00:00.12 | Mem:41.34M, Peak:41.34M | Scene, ViewLayer | Updating Lights
Fra:20 Mem:67.71M (Peak 68.87M) | Time:00:00.12 | Mem:41.35M, Peak:41.35M | Scene, ViewLayer | Updating Lights | Computing tree
Fra:20 Mem:67.71M (Peak 68.87M) | Time:00:00.12 | Mem:41.35M, Peak:41.35M | Scene, ViewLayer | Updating Integrator
Fra:20 Mem:67.71M (Peak 68.87M) | Time:00:00.12 | Mem:41.35M, Peak:41.35M | Scene, ViewLayer | Updating Film
Fra:20 Mem:67.72M (Peak 68.87M) | Time:00:00.12 | Mem:41.26M, Peak:41.35M | Scene, ViewLayer | Updating Lookup Tables
Fra:20 Mem:67.72M (Peak 68.87M) | Time:00:00.12 | Mem:41.35M, Peak:41.35M | Scene, ViewLayer | Updating Baking
Fra:20 Mem:67.72M (Peak 68.87M) | Time:00:00.12 | Mem:41.35M, Peak:41.35M | Scene, ViewLayer | Updating Device | Writing constant memory
Fra:20 Mem:67.72M (Peak 68.87M) | Time:00:00.12 | Mem:41.35M, Peak:41.35M | Scene, ViewLayer | Loading denoising kernels (may take a few minutes the first time)
Fra:20 Mem:67.72M (Peak 68.87M) | Time:00:00.12 | Mem:41.35M, Peak:41.35M | Scene, ViewLayer | Sample 0/24
Fra:20 Mem:100.86M (Peak 100.86M) | Time:00:00.22 | Remaining:00:02.35 | Mem:74.41M, Peak:74.41M | Scene, ViewLayer | Sample 1/24
Fra:20 Mem:114.78M (Peak 135.66M) | Time:00:04.48 | Mem:74.41M, Peak:74.41M | Scene, ViewLayer | Sample 24/24
Fra:20 Mem:114.78M (Peak 135.66M) | Time:00:04.48 | Mem:74.41M, Peak:74.41M | Scene, ViewLayer | Finished
Saved: 'C:\Users\VJs DMTeam\Documents\01_JEUX_ET_SIMULATIONS\jeu vj simulation\assets\characters\sam\portrait.png'
Time: 00:04.53 (Saving: 00:00.05)


Info: Saved "sam.blend"
CHARACTER_READY sam

Blender quit
